Date,Brunei Darussalam,Cambodia,Indonesia,Lao People's Democratic Republic,Malaysia,Myanmar,Philippines,Singapore,Thailand,Viet Nam
1961-01-01,-0.177,-0.365,-0.078,-0.287,-0.165,0.588,-0.679,-0.3879747094310969,-0.501,-0.408
1961-02-01,0.202,0.295,0.112,0.864,0.125,0.117,0.195,-0.0050774322332763,0.535,-0.179
1961-03-01,0.269,0.221,0.152,0.288,0.163,-0.079,0.266,0.0450953144340242,0.12,0.303
1961-04-01,0.001,-0.06,0.08,0.112,-0.052,0.061,0.217,-0.2387768048678082,-0.076,0.08
1961-05-01,0.305,-0.341,-0.009,-0.067,0.1,-0.197,-0.158,-0.0380858181986057,-0.478,-0.195
1961-06-01,-0.166,-0.301,-0.411,-0.523,-0.245,-0.075,-0.259,-0.4936015445201509,-0.6,-0.318
1961-07-01,0.064,-0.057,-0.231,0.103,-0.04,-0.243,-0.342,-0.2229327796044501,-0.295,0.163
1961-08-01,-0.154,-0.102,-0.338,-0.027,-0.162,-0.229,-0.169,-0.3840137031152574,-0.231,-0.003
1961-09-01,-0.157,0.167,-0.284,-0.149,-0.313,-0.437,-0.039,-0.5833843543458468,-0.387,0.268
1961-10-01,-0.317,-0.445,-0.035,0.252,-0.386,-0.041,-0.267,-0.6797688413646086,-0.217,0.195
1961-11-01,0.214,0.435,0.13,0.579,0.018,-0.369,0.079,-0.146353324164886,0.397,0.574
1961-12-01,0.033,0.591,0.247,0.743,-0.011,-0.411,0.313,-0.1846430518846681,0.567,0.589
1962-01-01,-0.092,-0.769,-0.006,-1.627,-0.15,-0.336,-0.275,-0.3681696778518993,-0.813,-1.413
1962-02-01,-0.345,-1.206,-0.15,-1.072,-0.395,-0.311,-0.622,-0.6916518603121271,-1.256,-0.534
1962-03-01,-0.063,-0.235,-0.182,-0.988,-0.318,-0.519,-0.052,-0.5899860315389127,-0.379,-0.714
1962-04-01,-0.17,-0.161,-0.196,-0.397,-0.166,0.034,-0.127,-0.3892950448697101,0.018,-0.486
1962-05-01,0.143,0.033,0.038,0.202,0.113,0.046,0.019,-0.0209214574966344,0.213,0.308
1962-06-01,-0.053,0.029,0.083,-0.065,-0.144,-0.205,0.046,-0.3602476652202203,-0.09,-0.134
1962-07-01,0.339,-0.119,0.191,0.126,0.154,0.431,-0.174,0.0332122954865057,-0.041,-0.072
1962-08-01,-0.389,-0.126,-0.167,-0.058,-0.281,0.024,-0.192,-0.5411336203102253,-0.083,-0.257
1962-09-01,-0.004,-0.229,-0.013,0.078,-0.086,0.162,-0.345,-0.2836682097806561,-0.162,-0.176
1962-10-01,0.287,0.257,0.18,0.054,0.057,-0.024,0.317,-0.0948602420589722,-0.067,0.073
1962-11-01,-0.079,0.297,0.136,0.012,-0.039,-0.417,-0.01,-0.2216124441658369,0.197,0.032
1962-12-01,-0.103,-0.714,-0.038,-1.102,-0.186,-0.301,-0.247,-0.4157017536419736,-0.858,-0.541
1963-01-01,-0.961,-2.057,-0.447,-2.617,-0.858,-0.801,-1.111,-1.302967168390027,-2.415,-1.996
1963-02-01,-0.714,-1.044,-0.385,-1.009,-0.716,0.056,-1.094,-1.115479536106956,-1.033,-1.017
1963-03-01,-0.829,-0.914,-0.252,-1.12,-0.354,-0.265,-0.759,-0.6375181073289868,-0.764,-0.997
1963-04-01,-0.525,-0.357,0.077,-0.251,-0.083,-0.789,-0.785,-0.2797072034648166,-0.21,-0.505
1963-05-01,-0.259,0.552,-0.006,0.309,-0.064,0.049,0.14,-0.2546208301311663,0.902,0.141
1963-06-01,0.442,0.223,0.07,-0.173,0.323,0.067,-0.133,0.2563489846121322,-0.045,0.134
1963-07-01,0.235,-0.11,-0.05,-0.493,0.156,-0.134,0.036,0.035852966363732,-0.437,-0.183
1963-08-01,0.056,-0.243,-0.123,-0.058,-0.079,0.032,-0.147,-0.274425861710364,-0.013,-0.164
1963-09-01,0.361,0.256,-0.104,0.478,0.196,0.486,0.108,0.088666383908259,0.149,0.571
1963-10-01,0.183,0.064,-0.001,-0.202,0.049,-0.435,-0.141,-0.1054229255678776,-0.098,-0.313
1963-11-01,0.352,0.832,0.236,1.283,0.233,-0.098,0.254,0.1375187951369464,0.883,1.287
1963-12-01,-0.085,0.004,0.139,-0.159,0.099,-0.026,0.225,-0.0394061536372188,-0.038,0.037
1964-01-01,0.942,1.809,0.481,1.203,0.815,0.024,0.619,0.905954020409814,1.155,1.153
1964-02-01,0.565,0.6,0.285,-0.511,0.425,0.294,-0.002,0.391023199350676,0.095,-0.652
1964-03-01,-0.016,0.223,0.017,-0.229,-0.011,0.187,-0.052,-0.1846430518846681,-0.138,0.071
1964-04-01,0.04,0.492,0.074,0.308,0.057,-0.226,0.011,-0.0948602420589722,0.142,0.79
1964-05-01,0.146,-0.543,0.053,-0.534,0.074,-0.498,-0.126,-0.0724145396025482,-0.682,-0.347
1964-06-01,-0.056,-0.009,-0.12,-0.037,-0.165,-0.053,-0.191,-0.3879747094310969,-0.036,-0.096
1964-07-01,-0.207,0.531,-0.077,-0.135,-0.333,-0.243,-0.076,-0.6097910631181103,0.051,0.053
1964-08-01,0.072,-0.204,-0.003,0.059,-0.082,0.092,0.074,-0.2783868680262035,-0.07,0.11
1964-09-01,0.084,0.119,0.028,-0.086,-0.026,0.192,-0.031,-0.2044480834638657,-0.06,0.164
1964-10-01,-0.051,0.212,-0.238,0.372,-0.152,0.455,-0.101,-0.3708103487291256,0.152,0.484
1964-11-01,-0.437,-1.069,-0.458,-1.269,-0.288,0.172,-0.416,-0.5503759683805174,-1.034,-0.971
1964-12-01,-0.611,-0.921,-0.436,-1.164,-0.533,-0.667,-0.352,-0.8738581508407453,-0.921,-1.082
1965-01-01,-1.007,-1.353,-0.551,-1.068,-0.811,-0.484,-0.69,-1.240911402775208,-1.167,-0.304
1965-02-01,-0.387,0.474,-0.045,0.814,-0.188,-0.229,-0.251,-0.4183424245192,0.424,1.314
1965-03-01,-0.104,-0.516,-0.106,-0.487,-0.343,-1.004,-0.469,-0.6229944175042421,-0.574,-0.521
1965-04-01,-0.334,-0.12,-0.241,-0.063,-0.379,-0.313,-0.298,-0.6705264932943164,-0.288,0.201
1965-05-01,-0.44,-0.347,-0.245,-0.253,-0.256,0.222,-0.37,-0.5081252343448959,-0.221,-0.257
1965-06-01,0.015,-0.48,-0.066,-0.68,-0.011,-0.228,-0.41,-0.1846430518846681,-0.606,-0.366
1965-07-01,-0.002,0.047,-0.507,-0.091,-0.076,-0.001,-0.528,-0.2704648553945244,-0.013,0.079
1965-08-01,-0.393,0.033,-0.282,-0.049,-0.305,-0.169,-0.106,-0.5728216708369414,0.01,-0.198
1965-09-01,-0.066,-0.271,-0.03,-0.107,-0.067,-0.25,-0.071,-0.2585818364470059,-0.185,-0.288
1965-10-01,0.123,0.419,-0.081,0.41,0.058,-0.377,0.058,-0.093539906620359,0.164,0.611
1965-11-01,0.341,0.754,0.335,0.436,0.273,-0.304,0.257,0.1903322126814735,0.523,0.78
1965-12-01,0.257,1.456,0.362,1.333,0.189,1.015,0.186,0.0794240358379668,1.221,0.808
1966-01-01,0.589,1.267,0.16,1.825,0.421,0.954,0.359,0.3857418575962232,1.353,1.693
1966-02-01,0.276,1.09,0.004,1.368,0.397,0.805,0.371,0.3540538070695072,1.041,1.604
1966-03-01,0.402,0.744,-0.067,0.69,0.322,0.147,0.341,0.255028649173519,0.579,1.153
1966-04-01,0.317,0.378,0.17,0.344,0.279,0.473,0.526,0.1982542253131525,0.469,0.794
1966-05-01,0.431,-0.691,-0.056,-0.5,0.243,0.477,-0.379,0.1507221495230782,-0.469,-0.665
1966-06-01,-0.126,0.325,-0.22,-0.066,-0.226,-0.407,0.096,-0.4685151711865006,-0.015,-0.043
1966-07-01,-0.061,-0.159,-0.094,0.113,-0.089,0.209,-0.099,-0.2876292160964957,0.075,-0.023
1966-08-01,-0.126,0.027,0.146,-0.323,-0.063,0.017,0.367,-0.2533004946925531,-0.104,0.034
1966-09-01,0.263,-0.133,0.241,-0.52,0.196,-0.138,0.222,0.088666383908259,-0.208,-0.468
1966-10-01,-0.087,0.463,-0.117,0.384,-0.081,-0.33,0.042,-0.2770665325875903,0.325,0.365
1966-11-01,0.156,0.528,-0.051,0.695,0.132,1.299,0.289,0.0041649158370158,0.515,0.555
1966-12-01,0.236,1.001,-0.148,1.684,0.229,1.128,0.455,0.1322374533824938,1.401,1.034
1967-01-01,-0.021,-0.938,-0.189,-0.736,-0.136,0.875,-0.197,-0.3496849817113149,-0.433,-1.068
1967-02-01,-0.193,-0.556,-0.154,-0.936,-0.269,0.165,-0.308,-0.5252895950468671,-0.599,-1.116
1967-03-01,-0.2,-0.149,-0.226,-0.502,-0.308,-0.715,-0.554,-0.5767826771527809,-0.442,-0.413
1967-04-01,-0.315,-0.403,-0.239,-0.543,-0.266,-0.626,-0.405,-0.5213285887310276,-0.417,-0.586
1967-05-01,-0.189,-0.181,-0.161,-0.003,-0.128,-0.287,0.147,-0.3391222982024095,-0.218,0.345
1967-06-01,0.011,0.338,-0.228,0.224,-0.07,0.058,0.118,-0.2625428427628454,0.281,0.217
1967-07-01,0.161,-0.123,-0.166,0.298,0.023,0.042,0.048,-0.1397516469718201,0.185,0.176
1967-08-01,0.25,-0.141,-0.094,0.356,0.054,-0.045,-0.117,-0.0988212483748117,0.01,0.162
1967-09-01,-0.139,0.115,-0.226,-0.567,-0.143,-0.434,-0.092,-0.3589273297816071,-0.163,-0.089
1967-10-01,-0.261,-0.451,-0.027,-0.741,-0.236,-0.51,-0.319,-0.4817185255726323,-0.581,-0.529
1967-11-01,-0.199,0.352,-0.047,0.237,-0.221,-0.52,-0.318,-0.4619134939934347,0.3,0.366
1967-12-01,-0.12,-1.007,-0.174,-0.949,-0.254,-0.146,-0.65,-0.5054845634676695,-0.651,-1.304
1968-01-01,-0.422,-0.195,-0.011,-0.081,-0.335,-0.089,-0.372,-0.6124317339953367,-0.082,0.057
1968-02-01,-0.623,-0.65,-0.11,-1.432,-0.372,-0.906,-0.711,-0.6612841452240241,-0.849,-2.351
1968-03-01,-0.158,0.092,0.056,0.302,0.008,0.015,0.09,-0.1595566785510177,0.052,-0.301
1968-04-01,-0.182,-1.036,-0.059,-1.254,-0.174,-0.857,-0.243,-0.3998577283786155,-1.028,-1.254
1968-05-01,-0.191,-0.354,-0.004,-0.153,-0.222,-0.534,0.131,-0.4632338294320479,-0.507,-0.218
1968-06-01,-0.036,-0.007,0.115,-0.303,0.008,-0.413,0.441,-0.1595566785510177,-0.182,-0.168
1968-07-01,-0.057,0.431,0.134,0.534,0.031,0.246,0.51,-0.1291889634629147,0.287,0.418
1968-08-01,0.035,0.132,-0.026,0.298,0.2,0.091,0.184,0.0939477256627117,0.207,0.345
1968-09-01,0.19,0.121,0.114,0.238,0.139,0.149,0.231,0.013407263907308,0.207,0.174
1968-10-01,-0.084,0.057,-0.081,-0.067,-0.096,-0.119,-0.125,-0.2968715641667879,-0.04,-0.073
1968-11-01,-0.059,0.65,-0.163,1.181,0.09,0.484,-0.654,-0.0512891725847374,1.011,1.008
1968-12-01,0.283,1.324,0.083,1.627,0.128,0.658,-0.257,-0.0011164259174368,1.482,2.103
1969-01-01,0.575,1.777,0.239,1.887,0.554,0.008,0.095,0.5613464709317756,1.654,1.66
1969-02-01,0.389,0.457,0.287,0.356,0.354,-0.03,-0.16,0.2972793832091405,0.483,0.091
1969-03-01,0.316,0.563,0.387,0.584,0.403,0.518,0.224,0.3619758197011862,0.737,0.233
1969-04-01,0.468,0.38,0.342,0.343,0.51,0.278,0.351,0.5032517116327958,0.468,0.134
1969-05-01,0.396,0.846,0.263,0.802,0.52,0.773,0.696,0.5164550660189275,0.658,1.08
1969-06-01,0.407,0.305,0.205,0.249,0.305,0.116,0.379,0.232582946717095,0.226,0.492
1969-07-01,0.215,-0.423,0.034,-0.142,0.127,0.174,-0.048,-0.00243676135605,-0.164,0.011
1969-08-01,-0.195,0.239,0.052,0.006,-0.153,-0.268,0.111,-0.3721306841677388,-0.006,0.175
1969-09-01,0.33,-0.111,-0.005,0.24,0.308,0.183,0.121,0.2365439530329345,0.059,0.123
1969-10-01,0.113,0.435,-0.037,0.527,0.117,0.088,0.158,-0.0156401157421817,0.417,0.725
1969-11-01,0.023,-0.334,0.171,-0.581,-0.121,-0.319,-0.038,-0.3298799501321173,-0.566,-0.449
1969-12-01,-0.099,-0.668,0.136,-0.896,-0.043,-0.059,0.203,-0.2268937859202896,-0.712,-0.557
1970-01-01,0.328,0.381,0.242,0.459,0.355,0.02,0.425,0.2985997186477537,0.633,-0.09
1970-02-01,0.095,0.007,0.351,0.576,0.213,0.023,0.187,0.111112086364683,0.165,0.75
1970-03-01,0.521,0.524,0.352,0.778,0.499,0.172,0.445,0.4887280218080508,0.61,-0.296
1970-04-01,0.277,0.036,0.185,-0.606,0.181,-0.102,0.371,0.0688613523290614,-0.359,-0.338
1970-05-01,0.216,0.406,0.069,-0.04,0.205,-0.281,0.42,0.1005494028557775,0.1,0.138
1970-06-01,0.206,-0.016,0.254,-0.352,0.19,0.23,0.067,0.0807443712765799,-0.059,-0.137
1970-07-01,0.059,0.093,-0.071,-0.132,-0.032,-0.269,0.085,-0.2123700960955447,-0.135,-0.026
1970-08-01,0.097,-0.068,-0.123,-0.204,0.059,0.045,0.032,-0.0922195711817458,-0.205,0.026
1970-09-01,-0.011,0.41,0.057,-0.021,-0.091,-0.014,0.067,-0.290269886973722,0.075,0.314
1970-10-01,0.148,-0.261,0.14,-0.19,0.081,-0.152,0.022,-0.063172191532256,-0.116,-0.298
1970-11-01,-0.051,-0.186,-0.059,-0.163,0.041,-0.242,0.182,-0.115985609076783,-0.055,-0.202
1970-12-01,0.102,0.567,-0.119,1.35,0.082,0.346,0.451,-0.0618518560936428,0.914,0.649
1971-01-01,-0.213,-1.164,-0.211,-1.29,-0.381,-0.378,-0.524,-0.6731671641715427,-1.066,-1.144
1971-02-01,-0.435,-0.924,-0.253,-0.937,-0.478,-0.615,-0.176,-0.8012397017170205,-0.749,-0.781
1971-03-01,-0.21,-0.823,-0.131,-0.348,-0.379,0.078,-0.789,-0.6705264932943164,-0.603,-0.662
1971-04-01,-0.368,-0.284,-0.121,-0.004,-0.108,-0.479,-0.759,-0.312715589430146,-0.219,0.0
1971-05-01,-0.053,-0.455,-0.132,-0.498,-0.083,-0.384,-0.541,-0.2797072034648166,-0.392,-0.56
1971-06-01,-0.26,-0.604,-0.318,-0.646,-0.229,-0.372,-0.579,-0.4724761775023401,-0.565,-0.237
1971-07-01,-0.068,-0.277,-0.095,-0.719,-0.065,-0.493,-0.373,-0.2559411655697795,-0.506,-0.394
1971-08-01,-0.734,-0.131,-0.232,-0.606,-0.627,-0.63,-0.083,-0.9979696820703836,-0.42,-0.511
1971-09-01,-0.175,0.127,-0.008,0.142,0.011,0.046,0.168,-0.1555956722351782,0.146,0.196
1971-10-01,-0.079,-0.523,-0.194,-1.056,-0.072,-0.606,-0.331,-0.2651835136400717,-0.836,-0.843
1971-11-01,-0.191,-1.34,-0.538,-1.842,-0.345,-1.623,-0.399,-0.6256350883814683,-1.592,-1.381
1971-12-01,-0.21,0.064,-0.256,-0.307,-0.281,-0.435,-0.022,-0.5411336203102253,-0.058,-0.32
1972-01-01,-0.601,-1.058,-0.3,-1.097,-0.517,-0.122,-0.207,-0.8527327838229344,-1.05,-0.622
1972-02-01,0.093,0.134,0.067,0.127,0.172,-0.442,0.296,0.0569783333815428,0.203,-0.009
1972-03-01,-0.473,-1.039,-0.245,-1.38,-0.363,-0.162,-0.751,-0.6494011262765055,-0.992,-0.702
1972-04-01,-0.144,-0.814,-0.28,-1.383,-0.207,-0.989,-0.308,-0.4434287978528503,-1.106,-0.986
1972-05-01,0.029,0.863,-0.345,0.98,0.082,0.435,-0.171,-0.0618518560936428,0.983,0.648
1972-06-01,0.015,-0.085,-0.159,0.199,0.052,0.322,0.111,-0.1014619192520381,0.087,0.181
1972-07-01,0.833,0.241,0.031,0.08,0.789,0.129,0.342,0.8716252990058716,0.254,0.109
1972-08-01,0.045,0.163,0.007,-0.355,0.192,-0.116,-0.063,0.0833850421538063,0.05,-0.046
1972-09-01,0.194,0.045,-0.191,0.403,0.142,0.287,0.05,0.0173682702231475,0.275,0.143
1972-10-01,0.283,0.729,0.098,0.941,0.283,0.452,0.503,0.2035355670676051,0.687,0.886
1972-11-01,0.336,0.924,0.371,1.407,0.398,0.399,0.519,0.3553741425081202,1.006,0.839
1972-12-01,0.726,0.52,0.558,1.101,0.595,0.526,0.354,0.6154802239149156,0.915,0.495
1973-01-01,0.533,0.793,0.385,0.644,0.577,0.547,0.303,0.5917141860198785,0.49,0.78
1973-02-01,0.828,0.928,0.493,1.783,0.794,1.053,0.329,0.8782269761989375,1.227,2.105
1973-03-01,0.557,0.705,0.194,0.788,0.432,0.431,0.262,0.4002655474209682,0.583,1.238
1973-04-01,0.428,0.898,0.311,1.501,0.458,0.861,0.38,0.4345942688249108,1.085,1.052
1973-05-01,-0.03,0.27,0.033,0.147,0.026,-0.499,0.507,-0.1357906406559806,0.031,0.327
1973-06-01,0.196,0.201,0.389,0.496,0.275,0.21,0.65,0.1929728835586998,0.34,0.413
1973-07-01,0.307,0.131,0.331,0.12,0.295,0.272,0.374,0.2193795923309632,0.195,-0.036
1973-08-01,-0.003,0.115,0.127,-0.071,0.049,-0.094,0.193,-0.1054229255678776,0.068,-0.004
1973-09-01,-0.34,0.019,-0.064,0.148,-0.198,-0.029,-0.053,-0.4315457789053317,0.046,0.067
1973-10-01,0.236,-0.155,0.086,-0.141,0.139,0.374,0.129,0.013407263907308,-0.06,-0.288
1973-11-01,-0.117,-0.566,-0.025,-0.845,-0.073,-0.668,0.108,-0.2665038490786849,-0.686,-0.637
1973-12-01,-0.199,-0.733,-0.173,-1.339,-0.413,-0.91,-0.145,-0.7154178982071642,-1.43,-1.181
1974-01-01,-0.574,-0.888,-0.279,-0.367,-0.604,-1.042,-0.418,-0.9676019669822804,-0.863,-0.497
1974-02-01,-0.147,-0.692,-0.306,-1.131,-0.337,-0.181,-0.095,-0.615072404872563,-0.967,-1.034
1974-03-01,-0.49,-0.924,-0.158,-1.041,-0.413,-0.468,-0.449,-0.7154178982071642,-0.824,-1.37
1974-04-01,-0.118,-0.733,-0.22,-1.03,-0.219,-0.65,-0.023,-0.4592728231162084,-0.875,-0.507
1974-05-01,-0.075,-0.587,-0.105,-0.533,-0.24,-0.494,-0.193,-0.486999867327085,-0.693,-0.099
1974-06-01,-0.048,0.091,-0.018,-0.045,-0.149,-0.281,-0.185,-0.3668493424132861,-0.17,-0.04
1974-07-01,-0.087,0.123,-0.145,0.037,-0.183,-0.439,0.087,-0.4117407473261341,0.043,-0.008
1974-08-01,0.339,0.088,0.015,0.02,0.277,0.014,0.263,0.1956135544359262,0.015,-0.104
1974-09-01,-0.144,0.27,-0.138,0.214,-0.262,-0.325,0.45,-0.5160472469765749,0.069,0.287
1974-10-01,0.106,-0.357,-0.104,0.104,0.137,0.761,-0.092,0.0107665930300817,0.153,-0.134
1974-11-01,0.261,-0.087,-0.139,0.077,0.144,0.842,-0.056,0.0200089411003739,-0.062,0.201
1974-12-01,-0.03,0.277,-0.225,0.759,0.065,0.148,0.022,-0.0842975585500668,0.727,0.253
1975-01-01,0.524,0.54,-0.092,0.93,0.329,0.657,0.014,0.2642709972438112,0.589,0.705
1975-02-01,0.234,0.089,-0.138,0.635,0.039,0.408,0.052,-0.1186262799540093,0.23,0.747
1975-03-01,-0.015,0.178,-0.148,0.697,-0.111,0.977,0.192,-0.3166765957459855,0.365,0.609
1975-04-01,0.35,0.23,-0.01,0.961,0.211,0.168,-0.024,0.1084714154874566,0.56,0.704
1975-05-01,0.115,-0.091,-0.217,-0.109,-0.059,-0.722,0.076,-0.2480191529381004,-0.407,0.166
1975-06-01,0.089,-0.731,-0.224,-0.205,-0.131,-0.19,-0.118,-0.343083304518249,-0.4,-0.367
1975-07-01,-0.153,-0.042,-0.092,-0.135,-0.257,-0.211,0.016,-0.509445569783509,-0.112,-0.036
1975-08-01,0.456,-0.052,0.151,-0.215,0.337,0.14,0.174,0.2748336807527166,-0.014,-0.054
1975-09-01,-0.092,-0.144,-0.073,0.14,-0.15,-0.178,0.008,-0.3681696778518993,-0.035,0.076
1975-10-01,0.323,-0.397,-0.259,0.152,0.167,0.498,0.152,0.0503766561884769,0.038,-0.029
1975-11-01,0.036,-0.433,-0.417,-0.612,-0.183,-0.295,0.099,-0.4117407473261341,-0.402,-0.681
1975-12-01,0.02,-1.855,-0.27,-2.547,-0.228,-1.6,-0.247,-0.4711558420637269,-2.028,-2.358
1976-01-01,-0.95,-1.636,-0.33,-1.338,-0.897,-1.054,-0.151,-1.3544602504959409,-1.82,-0.858
1976-02-01,-0.603,-0.45,-0.121,0.311,-0.526,-0.168,-0.214,-0.864615802770453,-0.32,0.238
1976-03-01,0.006,-0.524,-0.21,-0.686,-0.055,0.474,-0.037,-0.2427378111836478,-0.447,-0.768
1976-04-01,-0.383,-0.176,-0.037,-0.451,-0.323,-0.392,-0.144,-0.5965877087319785,-0.194,-0.643
1976-05-01,-0.232,-0.789,0.044,-0.697,-0.21,-0.736,-0.651,-0.4473898041686898,-0.911,-0.758
1976-06-01,-0.173,-0.158,0.063,-0.114,-0.221,-0.319,-0.583,-0.4619134939934347,0.026,-0.32
1976-07-01,-0.127,-0.184,0.115,-0.094,-0.014,-0.244,0.051,-0.1886040582005076,-0.029,-0.197
1976-08-01,-0.166,-0.306,0.432,-0.379,-0.112,-0.339,-0.302,-0.3179969311845987,-0.332,-0.337
1976-09-01,0.5,0.086,0.328,0.328,0.276,-0.071,-0.132,0.194293218997313,0.089,0.211
1976-10-01,-0.729,0.513,-0.102,0.518,-0.353,-0.173,0.376,-0.6361977718903737,0.396,0.357
1976-11-01,-0.052,-0.313,-0.045,-1.011,-0.089,0.089,0.099,-0.2876292160964957,-0.62,-1.278
1976-12-01,-0.188,0.21,0.099,0.357,-0.007,-0.209,0.135,-0.1793617101302154,0.262,0.18
1977-01-01,-0.199,0.149,0.12,-0.147,0.093,0.017,0.755,-0.0473281662688979,0.427,-1.099
1977-02-01,-0.392,-0.927,-0.454,-1.978,-0.372,-0.185,-0.106,-0.6612841452240241,-1.064,-1.934
1977-03-01,-0.191,-0.723,-0.087,-0.795,-0.126,0.426,-0.051,-0.3364816273251831,-0.609,-0.669
1977-04-01,0.317,-0.025,0.065,-0.5,0.366,-0.903,0.487,0.3131234084724987,-0.303,-0.217
1977-05-01,-0.167,0.208,0.019,0.175,0.057,-0.692,0.457,-0.0948602420589722,-0.029,0.781
1977-06-01,0.105,0.922,0.017,1.747,0.141,0.341,0.557,0.0160479347845344,1.222,1.111
1977-07-01,-0.13,-0.093,0.142,0.409,0.176,0.241,0.094,0.0622596751359955,0.437,0.185
1977-08-01,0.126,0.102,-0.114,0.631,0.053,0.363,0.337,-0.1001415838134249,0.44,0.49
1977-09-01,1.024,-0.144,0.47,-0.077,0.724,-0.032,0.086,0.7858034954960151,0.015,-0.163
1977-10-01,-0.03,0.512,0.381,0.611,0.059,-0.328,0.35,-0.0922195711817458,0.564,0.551
1977-11-01,0.09,-0.058,0.455,-0.525,0.068,0.078,0.165,-0.0803365522342273,-0.303,-0.423
1977-12-01,0.023,0.664,0.191,0.917,0.265,0.187,0.27,0.179769529172568,0.683,1.037
1978-01-01,0.023,1.149,0.114,0.687,0.306,-0.108,0.154,0.2339032821557082,1.063,0.483
1978-02-01,0.228,0.268,0.146,-0.106,0.464,0.235,0.061,0.4425162814565898,0.219,-0.049
1978-03-01,0.534,0.649,0.215,0.716,0.506,-0.113,0.882,0.4979703698783431,0.747,0.562
1978-04-01,0.354,0.181,-0.045,0.067,0.163,0.168,0.448,0.0450953144340242,0.243,0.115
1978-05-01,0.108,0.001,0.208,-0.132,0.256,-0.014,0.471,-0.05,0.013,-0.284
1978-06-01,0.146,0.063,0.031,0.492,0.139,0.155,0.235,0.013407263907308,0.304,0.02
1978-07-01,-0.066,-0.023,0.095,-0.253,0.009,-0.058,0.417,0.147,-0.14,-0.139
1978-08-01,0.388,0.005,0.234,0.043,0.344,0.297,-0.066,0.23,0.171,0.067
1978-09-01,0.047,-0.141,-0.125,-0.349,0.034,-0.252,-0.22,-0.227,-0.084,-0.585
1978-10-01,0.293,-0.247,-0.139,-0.279,0.125,0.194,-0.155,-0.33,-0.019,-0.424
1978-11-01,-0.091,-0.182,-0.165,0.069,-0.052,0.239,-0.186,-0.413,0.148,-0.284
1978-12-01,0.282,0.366,-0.081,0.451,0.264,0.297,0.38,-0.435,0.368,0.63
1979-01-01,0.232,1.094,0.293,2.042,0.339,0.982,0.525,-0.23,1.765,1.281
1979-02-01,0.259,0.695,0.189,1.712,0.45,0.822,0.926,-0.38,1.28,1.566
1979-03-01,0.325,0.913,0.153,1.354,0.537,0.444,0.524,-0.175,1.306,0.739
1979-04-01,0.16,0.336,0.22,0.638,0.323,0.856,0.618,0.2563489846121322,0.615,0.309
1979-05-01,0.245,0.259,0.253,-0.01,0.442,1.264,0.194,-0.19,0.417,-0.066
1979-06-01,0.004,-0.012,0.019,-0.287,0.197,0.632,0.225,0.0899867193468721,0.21,-0.262
1979-07-01,-0.194,0.152,-0.088,0.932,-0.012,0.573,0.175,-0.333,0.708,0.44
1979-08-01,0.548,0.258,0.198,0.172,0.457,0.211,0.216,0.39,0.387,0.111
1979-09-01,-0.369,0.266,0.119,0.293,-0.069,0.116,0.291,0.043,0.426,0.148
1979-10-01,-0.002,-0.133,0.227,-0.705,0.331,-0.332,-0.114,0.25,-0.147,-0.482
1979-11-01,0.042,0.378,0.321,-0.813,0.28,0.233,0.356,0.617,-0.257,-0.535
1979-12-01,0.034,-0.042,0.134,0.29,0.118,0.098,-0.112,0.435,0.173,0.304
1980-01-01,0.073,0.251,0.174,0.804,0.302,-0.101,0.305,0.23,0.476,0.828
1980-02-01,0.145,0.321,0.124,0.012,0.361,-0.05,0.227,0.38,0.517,-0.544
1980-03-01,0.037,0.669,0.116,1.482,0.243,0.611,0.348,0.175,1.067,1.428
1980-04-01,0.145,0.694,0.033,0.927,0.153,1.352,0.2,0.0,1.034,0.506
1980-05-01,0.194,0.693,0.272,0.358,0.231,0.622,0.278,0.24,0.879,0.049
1980-06-01,0.088,-0.198,0.266,-0.262,0.182,0.114,-0.018,0.0,-0.002,-0.366
1980-07-01,0.329,0.294,0.592,0.35,0.475,0.21,-0.121,0.187,0.4,0.062
1980-08-01,-0.369,0.033,0.219,0.632,-0.132,0.267,0.179,-0.62,0.344,0.136
1980-09-01,0.449,0.25,0.327,-0.148,0.329,0.124,0.048,0.183,0.113,-0.324
1980-10-01,0.199,0.163,0.057,0.418,0.16,-0.257,0.118,0.08,0.369,0.239
1980-11-01,0.099,0.512,-0.003,0.751,0.254,0.433,0.327,-0.203,0.592,0.927
1980-12-01,-0.138,0.374,0.059,0.806,0.097,0.902,0.244,-0.0420468245144452,0.83,0.132
1981-01-01,-0.711,-0.399,-0.302,0.29,-0.46,0.401,-0.638,-0.7774736638219835,-0.189,0.23
1981-02-01,-0.028,0.414,-0.005,1.304,0.306,0.504,0.105,0.53,0.724,1.008
1981-03-01,0.464,0.519,0.215,1.278,0.378,0.06,0.439,0.765,0.647,1.095
1981-04-01,0.17,0.366,-0.013,0.386,0.065,-0.431,0.617,-0.0842975585500668,-0.018,1.013
1981-05-01,-0.054,0.446,-0.046,-0.441,0.113,-0.116,0.394,-0.0209214574966344,-0.114,-0.259
1981-06-01,0.36,-0.184,0.456,-0.282,0.559,-0.158,0.015,0.5679481481248414,-0.093,-0.189
1981-07-01,0.198,0.068,0.345,-0.273,0.325,0.162,0.087,0.2589896554893585,-0.01,0.005
1981-08-01,0.7,0.253,0.389,0.537,0.71,0.423,0.644,0.7673187993554307,0.418,0.767
1981-09-01,-0.084,0.746,0.125,0.864,-0.006,0.441,0.55,-0.1780413746916022,0.589,0.845
1981-10-01,-0.004,0.458,0.101,0.291,0.153,0.583,0.165,0.0318919600478925,0.444,0.223
1981-11-01,-0.06,0.104,-0.099,0.566,0.018,0.565,0.312,-0.146353324164886,0.428,-0.026
1981-12-01,-0.011,-0.988,-0.126,-1.356,-0.046,-0.161,-0.094,-0.2308547922361292,-1.037,-1.331
1982-01-01,0.043,-0.64,-0.169,0.115,0.081,0.131,-0.168,-0.063172191532256,-0.267,0.984
1982-02-01,-0.093,0.53,-0.027,0.636,0.225,0.014,0.073,0.1269561116280411,0.573,0.208
1982-03-01,0.066,0.601,-0.236,0.981,0.303,0.154,0.351,0.2299422758398687,0.812,0.481
1982-04-01,-0.088,-0.476,-0.084,-1.139,0.03,-0.639,0.076,-0.1305092989015279,-0.68,-0.911
1982-05-01,-0.291,0.518,-0.061,0.267,0.128,0.532,0.172,-0.0011164259174368,0.451,-0.167
1982-06-01,0.148,0.143,0.244,0.305,0.252,-0.017,0.402,0.1626051684705968,0.165,-0.026
1982-07-01,0.147,-0.075,0.081,0.367,0.215,0.216,0.067,0.1137527572419093,0.134,0.375
1982-08-01,0.035,-0.158,-0.151,0.109,0.116,0.0,0.164,-0.0169604511807949,-0.104,0.333
1982-09-01,0.267,-0.074,0.015,-0.196,0.338,0.084,0.194,0.2761540161913298,-0.06,-0.178
1982-10-01,0.184,0.51,-0.3,0.735,0.07,0.194,0.113,-0.0776958813570009,0.413,0.851
1982-11-01,0.64,1.217,0.512,1.346,0.506,0.048,0.558,0.4979703698783431,1.283,1.066
1982-12-01,0.77,-0.673,0.493,-1.576,0.563,-1.013,0.622,0.573229489879294,-1.02,-1.511
1983-01-01,0.899,0.127,0.402,-0.874,0.754,-0.534,0.657,0.8254135586544104,-0.27,-0.734
1983-02-01,1.064,0.92,0.704,0.868,1.026,-0.389,0.467,1.184544797957194,0.931,-0.157
1983-03-01,1.479,0.892,1.04,0.044,1.287,-0.166,0.81,1.5291523474352324,0.724,-0.865
1983-04-01,1.306,1.612,0.56,1.557,1.137,0.251,0.664,1.331102031643256,1.769,0.524
1983-05-01,0.146,0.984,0.197,0.736,0.596,0.989,0.898,0.6168005593535287,1.14,0.553
1983-06-01,0.338,0.737,0.176,0.872,0.547,0.695,1.12,0.5521041228614834,0.706,0.996
1983-07-01,0.304,0.641,0.235,1.033,0.41,0.891,0.56,0.3712181677714783,0.93,0.925
1983-08-01,0.3,0.28,0.309,0.381,0.407,0.442,0.587,0.3672571614556388,0.477,0.174
1983-09-01,-0.12,0.557,0.148,0.737,0.072,0.329,0.516,-0.0750552104797746,0.439,0.604
1983-10-01,0.172,-0.121,0.103,0.415,0.287,0.628,0.352,0.2088169088220579,0.274,0.393
1983-11-01,-0.279,-0.593,-0.109,-0.993,0.087,-0.447,0.169,0.057,-0.77,-0.699
1983-12-01,0.067,-0.118,-0.172,-1.103,-0.144,-0.549,-0.247,-0.315,-0.623,-1.068
1984-01-01,-0.069,-0.25,-0.454,-0.375,-0.098,0.27,0.247,-0.2995122350440142,-0.275,-1.294
1984-02-01,-0.37,0.361,-0.423,1.069,-0.262,1.178,0.185,-0.5160472469765749,0.924,-0.554
1984-03-01,-0.178,0.235,-0.324,0.47,-0.091,0.137,0.61,-0.955,0.223,-0.12
1984-04-01,-0.184,0.437,-0.193,1.073,-0.039,0.472,0.52,-0.2216124441658369,0.517,0.715
1984-05-01,-0.912,-0.174,-0.482,-0.467,-0.324,-0.173,-0.058,-0.5979080441705917,-0.006,-0.606
1984-06-01,0.001,-0.274,-0.065,0.102,0.055,-0.271,-0.065,-0.0975009129361985,-0.099,0.045
1984-07-01,-0.458,0.33,-0.177,-0.021,-0.284,-0.001,0.27,-0.5450946266260647,0.03,0.124
1984-08-01,0.339,0.35,0.211,0.101,0.347,0.17,0.218,0.2880370351388483,0.357,0.114
1984-09-01,-0.479,-0.036,-0.308,0.102,-0.266,-0.121,0.024,-0.5213285887310276,0.07,-0.075
1984-10-01,-0.272,-0.243,-0.198,-0.538,0.022,-0.149,0.017,-0.1410719824104333,-0.277,-0.501
1984-11-01,-0.039,0.387,-0.013,0.578,0.09,-0.044,0.401,-0.0512891725847374,0.408,1.024
1984-12-01,0.265,0.429,-0.057,0.261,0.07,0.705,0.215,-0.0776958813570009,0.422,-0.448
1985-01-01,0.053,0.288,0.099,0.572,0.181,0.753,-0.065,0.0688613523290614,0.892,-0.501
1985-02-01,0.744,1.326,0.635,1.354,0.751,0.07,1.298,0.8214525523385708,1.234,0.944
1985-03-01,0.359,0.376,0.288,-0.06,0.163,0.717,0.944,0.0450953144340242,0.355,-1.582
1985-04-01,-0.117,-0.21,-0.033,0.018,0.065,0.505,0.356,-0.0842975585500668,0.186,-1.052
1985-05-01,-0.117,-0.295,0.019,0.024,0.007,-0.194,0.251,-0.5,-0.216,0.229
1985-06-01,0.305,-0.16,0.067,-0.12,0.407,-0.167,0.292,0.3672571614556388,-0.209,0.171
1985-07-01,-0.406,-0.085,-0.245,-0.147,-0.3,-0.299,-0.047,-0.813,-0.191,-0.094
1985-08-01,0.057,0.276,0.016,0.155,0.112,0.056,0.457,0.11,0.214,0.308
1985-09-01,-0.56,0.009,-0.106,0.043,-0.229,-0.033,-0.109,-0.407,0.09,-0.115
1985-10-01,-0.327,0.031,-0.027,0.185,-0.098,0.104,0.039,-0.21,0.038,0.43
1985-11-01,0.083,0.851,-0.103,0.988,0.1,-0.154,0.562,-0.213,0.787,0.802
1985-12-01,-0.043,0.184,0.235,0.015,0.074,0.218,0.272,-0.245,-0.004,0.109
1986-01-01,-0.222,-0.559,-0.224,-0.545,-0.192,0.147,0.03,-0.82,-0.529,-0.096
1986-02-01,-0.167,-0.148,-0.23,0.468,0.013,0.531,0.012,-0.23,0.334,-0.232
1986-03-01,-0.212,-0.157,-0.338,-0.646,-0.055,-0.368,0.234,-0.2427378111836478,-0.314,-0.399
1986-04-01,0.048,0.02,-0.05,0.347,0.164,0.042,0.421,-0.3,0.195,0.487
1986-05-01,0.217,-0.196,0.23,-0.579,0.37,-0.172,0.541,-0.12,-0.479,-0.463
1986-06-01,0.149,0.166,0.258,0.466,0.201,0.592,0.399,0.29,0.384,0.608
1986-07-01,0.154,0.295,0.193,0.039,0.282,0.012,0.273,-0.163,0.127,0.13
1986-08-01,-0.231,0.267,0.187,0.423,0.381,0.384,0.212,0.01,0.527,0.266
1986-09-01,-0.179,0.187,0.11,0.205,0.015,-0.111,0.212,-0.357,0.234,0.091
1986-10-01,0.04,0.344,-0.091,0.09,0.116,-0.396,0.154,-0.32,0.311,-0.065
1986-11-01,-0.12,0.26,-0.074,0.08,-0.036,0.044,0.526,-0.393,0.273,-0.02
1986-12-01,0.532,0.149,0.323,0.462,0.329,0.686,0.092,-0.305,0.475,0.525
1987-01-01,0.081,0.897,-0.193,1.271,0.106,0.831,0.082,-0.0301638055669266,0.841,1.793
1987-02-01,-0.347,0.148,0.018,1.167,0.034,0.524,-0.243,-0.2,0.515,1.639
1987-03-01,0.705,0.683,0.379,1.169,0.69,-0.23,0.417,0.535,0.51,2.012
1987-04-01,0.665,0.493,0.512,0.567,0.635,-0.065,0.728,0.46,0.567,0.461
1987-05-01,-0.222,0.955,0.252,1.34,0.201,1.004,1.004,0.0952680611013249,0.867,1.29
1987-06-01,0.635,0.375,0.866,0.769,0.78,0.682,0.99,1.21,0.694,0.898
1987-07-01,0.446,0.712,0.654,0.519,0.611,0.526,0.371,0.6366055909327264,0.98,0.695
1987-08-01,0.027,0.661,0.427,0.541,0.234,0.343,0.778,0.1388391305755597,0.669,0.352
1987-09-01,0.412,0.366,0.411,0.448,0.449,0.403,0.657,0.883,0.546,0.227
1987-10-01,0.539,0.876,0.673,1.269,0.567,0.479,0.901,0.93,0.961,1.235
1987-11-01,0.479,1.015,0.617,1.803,0.569,1.307,0.942,0.147,1.535,0.889
1987-12-01,0.495,-0.461,0.351,-1.601,0.312,-0.193,0.95,0.285,-1.356,-0.978
1988-01-01,0.861,1.401,0.427,1.829,0.868,0.796,1.62,0.9759317986563122,1.305,1.738
1988-02-01,0.48,1.04,0.273,1.798,0.661,1.313,1.254,0.7026223628633852,1.462,0.882
1988-03-01,0.657,1.1,0.446,1.032,0.686,0.744,1.222,-0.235,1.167,-0.722
1988-04-01,0.666,0.031,0.433,0.113,0.566,0.2,0.793,-0.02,0.264,-0.623
1988-05-01,0.027,0.144,0.493,0.227,0.354,0.003,0.931,-0.29,-0.108,0.667
1988-06-01,0.511,0.098,0.394,0.232,0.421,0.07,0.278,0.78,0.095,0.487
1988-07-01,0.218,0.413,0.461,0.547,0.207,0.328,0.531,0.657,0.383,0.438
1988-08-01,0.001,0.572,0.303,0.378,0.055,0.363,0.701,-0.69,0.424,0.386
1988-09-01,0.048,0.59,0.298,0.653,0.091,0.401,0.689,-0.537,0.572,0.385
1988-10-01,0.327,-0.594,0.261,-0.274,0.372,0.492,0.182,0.0,-0.053,-0.451
1988-11-01,-0.154,-0.543,-0.179,-1.151,-0.106,0.027,0.17,0.307,-0.904,-0.647
1988-12-01,-0.557,-0.423,-0.351,-0.183,-0.523,0.501,-0.168,-0.115,-0.393,0.074
1989-01-01,0.481,1.273,0.261,0.966,0.41,0.559,0.939,-0.25,1.495,0.058
1989-02-01,-0.372,-0.132,-0.242,0.337,-0.125,0.034,0.255,-0.3351612918865699,0.285,-0.373
1989-03-01,-0.358,-0.49,-0.136,-0.651,-0.129,0.34,0.032,-0.3404426336410227,-0.264,-0.836
1989-04-01,-0.33,0.385,-0.141,0.643,-0.14,0.374,0.233,-0.3549663234657676,0.724,0.128
1989-05-01,-0.253,-0.062,0.076,-0.049,0.061,0.624,0.054,-0.0895789003045195,0.093,-0.728
1989-06-01,-0.015,0.07,0.111,0.046,0.015,0.176,0.135,-0.24,-0.058,0.074
1989-07-01,0.213,0.33,0.46,0.198,0.26,0.236,0.303,0.1731678519795021,0.428,-0.034
1989-08-01,0.179,0.193,0.156,0.287,0.231,0.336,0.338,0.1348781242597201,0.38,0.132
1989-09-01,0.119,0.584,0.087,0.606,0.046,0.472,0.498,-0.1093839318837171,0.347,0.729
1989-10-01,0.094,0.231,0.139,0.093,0.089,0.224,0.369,-0.0526095080233506,0.15,0.063
1989-11-01,0.215,0.654,-0.028,0.469,0.206,-0.08,0.29,0.1018697382943907,0.402,0.327
1989-12-01,0.375,0.037,-0.057,-0.277,0.185,-0.783,-0.218,0.0741426940835141,-0.21,-0.002
1990-01-01,0.183,1.143,-0.272,1.544,0.191,0.813,0.762,0.0820647067151931,1.567,0.94
1990-02-01,0.571,1.08,0.65,0.973,0.753,0.838,1.055,0.8240932232157973,1.14,0.779
1990-03-01,0.075,0.316,0.141,-0.368,0.431,0.117,0.469,0.398945211982355,0.135,-0.069
1990-04-01,0.627,1.037,0.191,0.704,0.625,-0.035,0.843,0.6550902870733109,0.697,0.63
1990-05-01,0.199,0.272,0.053,-0.46,0.432,-0.259,0.368,0.4002655474209682,-0.138,-0.851
1990-06-01,0.503,0.499,0.177,0.039,0.627,0.127,0.049,0.6577309579505373,0.455,0.019
1990-07-01,0.308,0.536,-0.181,-0.087,0.294,0.162,0.395,0.2180592568923501,0.205,-0.005
1990-08-01,0.371,0.404,0.056,0.862,0.567,0.724,0.462,0.5785108316337467,0.838,0.782
1990-09-01,0.113,0.435,-0.247,0.692,0.233,0.001,0.208,0.1375187951369464,0.475,0.705
1990-10-01,0.693,0.524,0.012,0.474,0.456,0.096,0.197,0.4319535979476844,0.366,0.286
1990-11-01,0.07,0.415,0.193,0.937,0.266,0.696,0.263,0.1810898646111812,0.633,0.794
1990-12-01,0.626,0.767,-0.103,0.658,0.348,-0.09,0.359,0.2893573705774615,0.525,0.875
1991-01-01,0.471,1.539,0.023,2.158,0.402,1.082,0.551,0.360655484262573,1.896,1.496
1991-02-01,0.178,0.657,0.278,0.606,0.351,1.093,0.327,0.293318376893301,0.744,0.975
1991-03-01,0.53,0.934,0.464,1.784,0.485,1.604,0.307,0.4702433256674664,1.457,1.14
1991-04-01,0.21,0.473,0.153,0.712,0.387,0.496,0.361,0.3408504526833753,0.85,0.119
1991-05-01,0.115,0.367,0.157,0.724,0.152,0.219,0.342,0.0305716246092793,0.773,0.309
1991-06-01,0.922,0.356,0.69,0.121,0.878,0.07,0.517,0.989135153042444,0.289,0.315
1991-07-01,0.621,0.095,0.709,0.325,0.647,0.45,0.314,0.6841376667228007,0.399,0.031
1991-08-01,0.462,0.162,0.487,0.183,0.483,0.217,0.337,0.4676026547902401,0.114,0.28
1991-09-01,0.23,0.198,0.122,0.911,0.326,0.523,0.536,0.2603099909279717,0.521,0.695
1991-10-01,0.01,-0.131,-0.035,0.277,0.004,0.434,0.136,-0.1648380203054704,0.091,0.243
1991-11-01,0.031,0.167,-0.262,-0.144,-0.075,-0.166,-0.081,-0.2691445199559112,0.032,0.098
1991-12-01,0.499,0.967,-0.205,0.636,0.056,-0.059,0.073,-0.0961805774975854,0.575,0.791
1992-01-01,0.29,-0.104,-0.037,-0.778,0.177,-0.398,0.228,0.0635800105746086,-0.246,-0.757
1992-02-01,0.366,0.113,0.506,-0.138,0.589,-1.009,0.499,0.6075582112832365,0.031,-0.355
1992-03-01,0.797,0.679,0.75,0.822,0.794,0.242,0.729,0.8782269761989375,0.827,0.025
1992-04-01,0.805,1.284,0.677,1.578,0.793,0.987,0.712,0.8769066407603242,1.699,0.73
1992-05-01,-0.077,0.904,0.049,1.108,0.252,0.603,0.677,0.1626051684705968,1.427,0.431
1992-06-01,0.104,0.757,0.466,0.408,0.476,0.904,0.62,0.4583603067199479,0.593,0.332
1992-07-01,0.16,0.329,-0.124,-0.081,0.188,-0.027,0.175,0.0781037003993536,0.233,-0.339
1992-08-01,0.617,0.233,0.659,0.514,0.64,0.492,0.574,0.6748953186525085,0.302,0.513
1992-09-01,0.234,0.846,0.191,0.554,0.303,0.147,0.517,0.2299422758398687,0.477,0.837
1992-10-01,-0.255,-0.49,0.024,-1.089,-0.084,-0.957,0.2,-0.15,-0.777,-0.802
1992-11-01,-0.267,-0.19,-0.258,-1.037,-0.393,-0.586,-0.127,-0.713,-0.849,-0.842
1992-12-01,0.182,0.73,-0.109,0.385,-0.174,-0.836,0.187,-0.3998577283786155,0.274,0.748
1993-01-01,0.182,0.229,0.087,-0.192,0.191,-0.419,0.326,0.0820647067151931,0.239,-0.348
1993-02-01,0.018,-0.412,0.203,0.16,0.009,-0.096,0.149,-0.067,-0.376,0.468
1993-03-01,0.049,0.014,-0.038,0.418,-0.036,-0.139,0.07,-0.91,0.21,0.17
1993-04-01,0.195,0.116,0.005,0.244,0.185,-0.068,0.297,-0.02,0.047,0.231
1993-05-01,-0.321,0.669,0.099,0.044,0.132,-0.147,0.808,-0.286,0.315,-0.008
1993-06-01,0.559,0.681,0.753,0.837,0.669,0.464,1.044,0.83,0.824,0.896
1993-07-01,0.103,0.664,0.439,0.569,0.295,1.01,0.654,0.357,0.861,0.544
1993-08-01,0.494,0.232,0.515,0.297,0.443,0.099,0.267,0.81,0.229,0.496
1993-09-01,-0.108,0.145,0.343,0.396,-0.01,0.244,0.209,0.263,0.206,0.233
1993-10-01,-0.04,0.154,0.294,-0.157,-0.024,0.379,0.13,0.34,0.037,-0.48
1993-11-01,0.489,0.576,0.362,0.617,0.289,0.672,0.708,0.347,0.665,0.555
1993-12-01,0.352,0.078,0.384,-0.321,0.348,0.86,0.487,0.285,-0.048,-0.549
1994-01-01,0.789,0.948,0.234,1.633,0.523,1.577,0.71,0.4,1.404,1.194
1994-02-01,0.421,1.418,0.359,2.343,0.47,0.99,0.74,0.179,1.938,1.639
1994-03-01,-0.006,0.163,-0.187,-0.846,-0.142,0.095,0.717,-0.902,-0.271,-1.019
1994-04-01,0.029,0.707,0.228,0.968,0.283,0.33,0.551,0.07,0.551,1.225
1994-05-01,-0.075,0.295,0.141,0.615,0.1,0.555,0.508,-0.132,0.13,0.601
1994-06-01,0.307,-0.248,0.356,-0.185,0.262,0.224,0.286,0.1758085228567285,-0.154,0.079
1994-07-01,0.681,0.1,0.514,0.014,0.662,0.312,0.19,1.377,0.146,-0.198
1994-08-01,0.216,0.0,0.393,0.096,0.323,0.246,0.526,1.13,-0.074,0.265
1994-09-01,0.404,0.279,0.582,0.54,0.355,0.595,0.221,1.463,0.343,0.186
1994-10-01,0.294,-0.011,0.545,-0.338,0.278,-0.242,0.357,1.02,-0.265,-0.296
1994-11-01,0.678,1.179,0.609,0.475,0.262,0.14,0.472,0.557,0.53,1.167
1994-12-01,0.527,1.345,0.617,1.562,0.572,0.433,0.522,1.005,1.414,1.229
1995-01-01,0.567,0.766,0.307,0.927,0.6,0.994,0.64,-0.27,1.205,0.193
1995-02-01,0.295,0.363,0.106,-0.25,0.399,0.074,0.604,-0.36,0.192,-0.354
1995-03-01,0.237,0.558,0.14,0.799,0.439,0.894,0.339,0.4095078954912604,1.066,-0.148
1995-04-01,0.318,0.938,0.311,1.289,0.516,1.148,0.591,0.69,1.219,0.865
1995-05-01,0.224,0.535,0.438,0.313,0.457,0.696,0.651,0.38,0.468,0.141
1995-06-01,0.61,0.934,0.692,1.033,0.662,0.703,0.955,1.37,0.872,1.013
1995-07-01,0.23,0.224,0.453,0.092,0.35,0.375,0.289,0.677,0.205,0.147
1995-08-01,0.095,0.562,0.305,0.341,0.106,0.541,0.451,-0.6,0.351,0.369
1995-09-01,0.081,0.086,0.444,0.566,0.248,0.076,0.261,0.803,0.383,0.225
1995-10-01,0.465,0.542,0.534,0.918,0.462,0.722,0.471,0.46,0.542,0.981
1995-11-01,0.128,0.66,0.125,0.029,0.125,0.71,0.56,0.577,0.258,-0.228
1995-12-01,0.25,0.156,0.093,-0.462,0.067,-0.11,0.024,0.665,-0.2,-0.488
1996-01-01,-0.149,0.58,0.051,0.727,-0.059,0.653,-0.04,0.26,0.644,0.215
1996-02-01,-0.13,0.003,0.018,-1.279,-0.015,0.565,0.047,0.5,-0.641,-0.94
1996-03-01,0.342,0.522,0.686,0.695,0.486,0.859,0.796,0.555,0.705,0.317
1996-04-01,0.172,-0.146,0.429,-1.041,0.385,0.194,0.157,0.16,-0.291,-1.369
1996-05-01,0.135,-0.037,0.543,0.093,0.443,-0.201,0.307,-0.66,-0.064,-0.153
1996-06-01,0.368,0.5,0.684,0.33,0.471,0.697,0.549,0.4517586295268819,0.374,0.222
1996-07-01,0.805,0.074,0.728,0.432,0.808,0.289,0.698,0.737,0.376,0.243
1996-08-01,0.203,0.484,0.49,0.303,0.356,0.249,0.676,0.27,0.391,0.35
1996-09-01,0.405,0.218,0.591,0.219,0.569,0.275,0.706,-0.257,0.203,0.153
1996-10-01,0.036,0.346,0.259,0.605,0.184,0.403,0.806,-0.21,0.37,0.647
1996-11-01,0.361,0.768,0.231,1.159,0.391,0.994,0.461,-0.113,0.877,0.967
1996-12-01,-0.004,-0.227,0.018,-0.064,-0.048,0.839,0.072,0.565,-0.114,-0.249
1997-01-01,0.294,-0.129,0.116,0.527,0.352,-0.381,0.123,0.26,0.202,0.61
1997-02-01,-0.26,0.196,0.09,0.041,0.076,-0.644,0.334,0.78,0.224,-0.143
1997-03-01,0.503,0.095,0.516,0.354,0.597,0.459,-0.08,-0.365,0.239,0.298
1997-04-01,0.286,-0.582,0.307,-1.021,0.276,-1.064,0.556,0.34,-0.821,-0.08
1997-05-01,0.129,0.277,0.47,0.485,0.617,0.811,0.542,0.568,0.794,0.298
1997-06-01,0.981,0.934,0.773,0.853,0.864,0.719,0.528,1.9,1.095,0.573
1997-07-01,0.709,0.18,0.534,-0.109,0.785,0.325,0.44,1.597,0.264,-0.202
1997-08-01,1.154,0.535,0.582,0.441,1.107,0.6,0.927,0.09,0.398,0.565
1997-09-01,0.68,0.51,0.343,-0.242,0.567,-0.257,0.562,1.283,0.2,-0.479
1997-10-01,0.651,0.906,0.489,1.071,0.592,0.44,0.909,-0.29,0.867,1.027
1997-11-01,0.709,1.318,0.619,1.679,0.672,0.841,1.147,1.127,1.305,1.59
1997-12-01,1.161,2.176,0.924,2.221,1.025,1.584,1.015,1.055,2.135,1.425
1998-01-01,1.546,2.538,1.38,2.478,1.528,1.245,1.355,1.16,2.448,1.991
1998-02-01,1.319,1.84,1.396,1.911,1.598,1.181,1.556,2.092,2.097,1.703
1998-03-01,1.961,1.735,1.314,1.557,1.827,1.099,1.422,1.99,1.886,1.317
1998-04-01,1.558,1.535,1.115,1.077,1.591,0.917,1.617,1.77,1.512,1.588
1998-05-01,1.397,1.358,1.252,1.307,1.625,1.356,1.376,0.953,1.546,1.312
1998-06-01,1.118,0.79,1.0,1.491,1.007,1.286,1.357,1.07,1.313,1.516
1998-07-01,0.914,1.241,1.062,1.061,0.812,0.827,1.603,0.627,1.022,1.168
1998-08-01,0.351,1.033,0.629,1.184,0.404,0.763,1.416,-0.21,0.923,1.052
1998-09-01,0.678,-0.123,0.846,0.814,0.682,0.867,1.199,0.843,0.601,0.68
1998-10-01,0.861,0.495,0.641,0.915,0.745,1.473,0.923,-0.87,0.804,0.835
1998-11-01,0.626,0.683,0.345,1.035,0.618,1.362,1.126,0.6458479390030186,0.797,1.1
1998-12-01,0.541,0.717,0.231,1.246,0.372,1.864,1.145,0.345,1.084,0.982
1999-01-01,0.697,0.973,0.213,1.216,0.55,1.746,1.067,0.5560651291773229,1.368,1.125
1999-02-01,0.359,0.489,0.397,1.533,0.406,2.69,0.701,0.657,1.013,1.403
1999-03-01,0.48,0.934,0.304,1.385,0.534,1.457,0.828,-0.083,1.002,1.424
1999-04-01,0.206,-0.446,0.397,0.237,0.367,0.939,0.426,0.58,-0.574,0.84
1999-05-01,-0.474,-0.755,-0.018,-1.095,-0.115,-0.712,0.313,-0.245,-1.039,-0.843
1999-06-01,0.64,-0.105,0.316,0.334,0.341,0.439,0.093,0.53,0.047,0.612
1999-07-01,0.493,0.034,0.356,0.833,0.491,0.5,0.393,0.557,0.59,0.746
1999-08-01,0.34,0.552,0.263,0.385,0.244,0.124,0.13,0.19,0.352,0.495
1999-09-01,0.474,0.682,0.262,0.389,0.362,0.385,0.472,0.307842066718046,0.272,0.714
1999-10-01,0.04,0.43,0.067,0.525,-0.027,0.46,0.617,-0.09,0.197,0.608
1999-11-01,0.408,0.612,0.331,0.803,0.491,0.473,0.512,0.047,0.591,0.733
1999-12-01,0.332,-0.909,0.116,-2.174,0.14,-0.614,0.794,0.0147275993459212,-1.495,-1.676
2000-01-01,0.401,1.499,0.002,1.496,0.281,0.972,1.087,0.2008948961903788,1.39,1.352
2000-02-01,-0.114,0.063,0.217,-0.037,0.147,0.686,0.871,-0.173,0.033,-0.189
2000-03-01,0.115,0.454,0.33,0.173,0.232,-0.292,0.778,0.021,0.141,-0.023
2000-04-01,-0.132,-0.252,0.154,0.024,-0.027,-0.201,0.903,-0.2057684189024788,-0.617,0.246
2000-05-01,0.429,-0.003,0.444,-0.679,0.61,-0.67,0.304,0.373,-0.502,-0.044
2000-06-01,-0.231,-0.089,-0.118,-0.023,-0.028,0.178,0.476,-0.207088754341092,-0.061,-0.083
2000-07-01,1.186,0.017,0.577,0.158,0.871,0.451,0.299,0.9798928049721516,0.209,0.276
2000-08-01,0.245,0.354,0.315,0.673,0.366,0.669,0.594,0.3131234084724987,0.562,0.545
2000-09-01,0.478,0.57,0.604,-0.026,0.368,0.205,0.671,0.315764079349725,0.124,0.319
2000-10-01,0.26,0.158,0.244,0.641,0.358,0.801,0.445,0.3025607249635932,0.636,0.551
2000-11-01,0.463,0.374,0.289,0.046,0.357,0.127,0.813,0.3012403895249801,0.09,0.194
2000-12-01,0.545,1.425,0.673,1.575,0.625,0.846,0.925,-0.035,1.513,1.227
2001-01-01,0.376,1.648,0.244,2.378,0.484,1.099,1.077,0.4689229902288533,2.119,1.748
2001-02-01,0.303,0.746,0.466,0.944,0.417,1.465,1.22,0.319,1.1,0.428
2001-03-01,0.038,0.324,0.443,0.033,0.291,0.844,0.826,-0.082,-0.17,0.694
2001-04-01,0.178,0.801,0.355,1.813,0.359,1.372,1.179,0.35,1.397,1.009
2001-05-01,0.403,0.052,0.605,-0.401,0.619,-0.615,0.51,0.204,-0.41,-0.001
2001-06-01,-0.105,0.078,0.284,0.093,0.281,0.184,0.637,0.2008948961903788,0.148,0.392
2001-07-01,1.23,0.561,0.8,0.531,1.007,0.4,0.559,0.967,0.519,0.711
2001-08-01,1.061,0.338,0.676,0.497,0.879,0.804,0.587,0.32,0.622,0.405
2001-09-01,0.296,0.98,0.576,0.793,0.297,0.756,1.106,0.2220202632081896,0.64,0.941
2001-10-01,0.002,0.441,0.59,1.126,0.289,0.467,0.817,0.2114575796992842,0.719,0.886
2001-11-01,0.052,-0.29,0.47,-0.82,0.136,-0.177,0.391,0.0094462575914685,-0.657,-0.288
2001-12-01,0.258,0.534,0.313,0.899,0.386,1.094,0.354,0.3395301172447622,0.97,0.193
2002-01-01,0.848,0.961,0.507,0.538,0.777,0.802,0.848,0.8557812737425133,0.814,0.766
2002-02-01,0.068,0.597,0.514,1.228,0.43,1.596,0.506,-0.084,1.12,1.23
2002-03-01,0.207,0.524,0.51,0.683,0.601,0.864,0.728,0.245,0.61,1.034
2002-04-01,0.428,0.611,0.479,0.894,0.528,0.496,0.779,0.68,0.578,1.47
2002-05-01,0.6,0.234,0.599,-0.047,0.745,-0.34,0.828,0.359,-0.079,0.537
2002-06-01,0.586,0.501,0.688,0.478,0.62,0.82,0.932,1.04,0.607,0.505
2002-07-01,1.302,1.148,0.885,0.496,1.126,0.545,0.877,1.307,0.787,0.838
2002-08-01,0.549,0.048,0.611,0.185,0.743,0.289,0.505,1.03,0.298,0.13
2002-09-01,0.464,0.517,0.601,0.248,0.465,0.396,0.444,0.443836616895203,0.189,0.376
2002-10-01,0.466,0.916,0.879,0.753,0.746,0.487,0.899,0.814850875145505,0.685,0.745
2002-11-01,0.448,1.256,0.608,0.995,0.404,0.859,0.886,0.537,0.99,0.754
2002-12-01,1.679,2.154,0.978,2.277,1.209,1.184,1.278,0.505,2.274,1.583
2003-01-01,1.219,0.081,0.695,0.212,0.829,0.559,0.781,0.9244387165503984,0.61,0.12
2003-02-01,0.723,0.929,0.524,1.65,0.72,1.166,0.705,0.387,1.006,2.249
2003-03-01,0.46,0.123,0.592,0.179,0.727,-0.075,0.917,0.795,-0.119,0.912
2003-04-01,0.758,0.481,0.489,1.13,0.576,0.797,1.334,0.5903938505812653,0.751,1.641
2003-05-01,0.375,0.557,0.583,1.222,0.791,0.212,0.786,0.609,0.688,1.129
2003-06-01,0.628,0.523,0.714,0.615,0.71,0.209,0.356,0.7673187993554307,0.432,1.067
2003-07-01,0.613,0.299,0.466,0.904,0.464,0.752,0.632,0.4425162814565898,0.454,0.768
2003-08-01,0.739,0.583,0.574,0.71,0.777,0.859,0.733,0.6,0.74,0.749
2003-09-01,0.446,0.3,0.549,0.701,0.488,0.601,0.348,0.4742043319833059,0.458,0.742
2003-10-01,0.183,0.527,0.453,1.081,0.247,0.997,0.488,0.1560034912775309,0.695,0.729
2003-11-01,0.468,1.15,0.577,1.098,0.38,0.5,1.051,0.3316081046130831,1.264,1.206
2003-12-01,0.37,0.259,0.244,0.254,0.24,0.884,0.023,0.125,0.25,0.076
2004-01-01,0.393,0.892,0.75,1.099,0.679,1.047,0.794,0.7263884007584224,1.23,0.855
2004-02-01,0.343,0.066,0.51,-0.081,0.553,0.885,0.904,0.949,0.001,0.302
2004-03-01,0.327,0.719,0.7,0.905,0.732,1.563,1.133,-0.172,0.944,0.295
2004-04-01,0.522,0.95,0.698,0.44,0.793,0.381,1.159,1.18,0.832,0.802
2004-05-01,0.323,0.221,0.604,0.021,0.642,-0.054,0.561,0.267,0.0,-0.245
2004-06-01,0.764,0.341,0.463,0.305,0.751,0.234,0.273,1.05,0.125,0.15
2004-07-01,0.359,0.244,0.247,0.055,0.236,0.123,0.576,0.141479801452786,0.273,-0.147
2004-08-01,0.888,0.346,0.501,0.502,0.944,0.796,0.8,1.19,0.615,0.461
2004-09-01,0.198,0.461,0.547,0.243,0.214,0.096,0.795,1.263,0.256,0.368
2004-10-01,0.64,0.589,0.647,0.163,0.476,0.343,0.283,0.81,0.372,0.292
2004-11-01,0.688,1.393,0.639,1.065,0.62,0.839,0.918,-0.143,1.283,1.242
2004-12-01,0.572,0.51,0.532,0.088,0.276,0.267,0.67,0.505,0.237,0.339
2005-01-01,0.624,0.44,0.75,0.937,0.652,1.076,0.433,0.07,1.033,0.474
2005-02-01,1.183,1.424,1.127,2.744,1.238,2.064,1.074,1.997,2.175,1.774
2005-03-01,0.789,0.289,0.867,-0.337,0.963,0.795,0.823,1.34,0.374,-0.616
2005-04-01,0.904,0.441,0.532,0.623,0.941,0.713,0.763,0.62,0.702,0.61
2005-05-01,0.446,0.759,0.64,1.278,0.578,0.673,0.941,-0.137,1.046,1.638
2005-06-01,1.101,0.812,0.859,1.132,0.892,1.098,0.671,0.93,0.738,1.434
2005-07-01,0.892,0.314,0.858,0.726,0.863,0.898,0.834,0.857,0.783,0.532
2005-08-01,0.841,0.784,0.766,0.402,1.018,0.704,0.782,0.65,0.639,0.936
2005-09-01,0.668,0.446,0.785,0.669,0.804,0.666,0.601,1.473,0.569,0.694
2005-10-01,0.786,0.767,0.456,0.843,0.553,0.932,0.826,-0.92,0.798,0.707
2005-11-01,0.194,1.156,0.293,1.607,0.303,0.868,0.949,0.407,1.209,1.287
2005-12-01,0.372,0.474,0.228,0.404,0.265,1.228,0.537,-0.845,0.473,-0.432
2006-01-01,0.645,1.166,0.29,1.075,0.539,1.2,1.152,-0.07,1.108,0.973
2006-02-01,0.572,1.02,0.609,1.587,0.618,2.006,1.059,0.388,1.298,1.474
2006-03-01,0.342,0.724,0.579,0.947,0.69,1.506,0.861,1.116,0.927,0.521
2006-04-01,-0.069,0.447,0.074,0.852,0.146,0.233,1.028,-0.47,0.086,1.522
2006-05-01,0.026,0.163,0.249,-0.209,0.034,-0.536,0.572,0.058,-0.476,0.304
2006-06-01,0.302,0.7,0.252,1.118,0.345,0.564,0.783,0.9,0.624,1.069
2006-07-01,1.05,0.26,0.701,0.49,0.894,0.618,0.817,1.597,0.356,0.502
2006-08-01,0.602,0.247,0.348,0.354,0.762,0.64,0.642,0.91,0.429,0.456
2006-09-01,0.166,0.537,0.188,0.444,0.321,0.336,0.63,0.713,0.472,0.268
2006-10-01,0.66,0.591,0.472,1.113,0.617,0.748,0.539,1.49,0.791,1.64
2006-11-01,0.799,1.983,0.825,2.14,0.722,0.828,1.3,1.057,1.736,2.324
2006-12-01,1.156,1.281,1.03,0.954,0.971,0.352,1.38,1.1119263488334692,0.924,0.677
2007-01-01,0.688,1.039,0.735,0.467,0.533,0.916,0.986,0.41,0.863,0.25
2007-02-01,0.36,0.724,0.521,1.644,0.588,0.195,1.133,0.653,0.869,2.171
2007-03-01,0.554,0.825,0.344,1.29,0.6,0.755,1.07,0.057,1.103,1.092
2007-04-01,0.455,0.425,0.433,0.126,0.497,0.681,1.08,0.67,0.367,-0.084
2007-05-01,0.375,-0.053,0.54,-0.328,0.485,-0.452,0.845,-0.101,-0.38,-0.299
2007-06-01,0.404,1.084,0.596,1.249,0.443,0.877,1.075,0.4147892372457131,0.954,1.016
2007-07-01,0.562,0.115,0.323,0.909,0.554,0.423,0.959,0.5613464709317756,0.592,0.474
2007-08-01,0.482,0.526,0.146,0.564,0.722,0.879,0.568,0.7831628246187887,0.641,0.378
2007-09-01,0.195,0.745,0.194,0.627,0.416,0.349,0.616,0.3791401804031573,0.589,0.508
2007-10-01,0.587,0.396,0.319,0.24,0.496,0.319,0.517,0.4847670154922113,0.12,0.407
2007-11-01,0.133,-0.217,0.195,-0.859,0.16,0.248,0.277,0.0411343081181847,-0.358,-0.373
2007-12-01,0.515,1.576,0.37,2.283,0.387,0.737,0.966,0.3408504526833753,1.679,1.62
2008-01-01,0.843,1.076,0.346,0.78,0.696,1.051,0.92,0.7488341032148462,1.082,0.078
2008-02-01,0.21,-0.383,0.244,-2.227,0.216,0.11,0.258,0.239,-0.474,-2.392
2008-03-01,-0.064,-0.169,0.158,-0.267,0.087,0.345,0.573,-0.862,0.158,-0.091
2008-04-01,0.057,0.111,0.023,0.415,0.2,0.658,0.609,0.0939477256627117,0.052,0.774
2008-05-01,-0.1,-0.593,0.131,-0.691,0.373,-0.262,-0.264,0.523,-0.636,-0.346
2008-06-01,0.274,0.386,0.13,0.148,0.328,0.279,0.477,0.262950661805198,0.212,0.16
2008-07-01,0.156,0.234,0.074,0.222,0.228,0.288,0.54,0.1309171179438806,0.307,0.17
2008-08-01,0.156,0.561,0.19,0.441,0.524,0.533,0.505,0.5217364077733803,0.536,0.388
2008-09-01,0.52,0.242,0.459,0.64,0.475,0.61,0.631,-0.157,0.414,0.652
2008-10-01,0.395,0.893,0.45,1.167,0.621,0.618,0.825,0.08,0.993,1.056
2008-11-01,0.777,0.774,0.453,0.248,0.687,0.373,0.704,0.697,0.215,0.53
2008-12-01,0.903,0.252,0.229,-0.246,0.518,0.364,0.624,-0.005,-0.107,-0.088
2009-01-01,0.059,-0.668,0.545,-0.771,0.079,0.957,0.583,0.7,-0.565,-0.55
2009-02-01,0.192,0.905,0.254,2.7,0.47,1.758,1.102,0.336,1.664,2.934
2009-03-01,0.381,0.47,0.413,0.84,0.294,0.911,1.145,-0.114,0.399,1.069
2009-04-01,0.59,-0.019,0.556,0.22,0.655,0.743,0.511,0.87,0.092,0.42
2009-05-01,0.449,-0.191,0.486,-0.183,0.624,0.232,-0.027,0.241,-0.172,-0.537
2009-06-01,0.909,0.677,0.639,0.612,1.024,0.585,0.445,1.26,0.496,1.076
2009-07-01,0.842,0.25,0.573,0.344,0.879,0.753,0.582,1.117,0.374,0.528
2009-08-01,0.923,1.093,0.805,1.045,0.934,0.945,1.256,0.96,1.013,0.931
2009-09-01,1.004,0.289,0.921,0.978,1.104,1.035,0.935,0.603,0.836,0.803
2009-10-01,0.67,0.355,0.703,1.381,0.659,1.129,0.662,0.44,1.065,1.144
2009-11-01,0.797,1.087,0.625,0.681,0.514,1.059,0.894,0.467,0.82,0.558
2009-12-01,0.945,1.452,0.73,1.486,0.796,0.556,0.626,0.695,1.46,1.383
2010-01-01,0.734,1.726,0.47,2.448,0.834,1.618,0.728,-0.35,2.08,2.036
2010-02-01,1.162,1.834,1.116,2.574,1.404,1.366,1.366,1.869,2.136,2.726
2010-03-01,1.109,0.967,1.092,0.987,1.318,1.539,1.451,1.171,1.138,1.12
2010-04-01,0.931,1.21,0.92,1.431,1.071,1.621,1.047,0.52,1.731,0.61
2010-05-01,0.915,1.649,0.992,1.905,1.206,1.729,1.415,0.5,1.996,1.513
2010-06-01,0.911,1.174,0.835,1.737,0.941,1.201,1.448,1.16,1.576,1.24
2010-07-01,0.013,0.839,0.86,1.144,0.465,1.119,0.904,-0.023,1.001,0.826
2010-08-01,0.533,0.648,0.781,0.334,0.743,0.957,0.891,0.61,0.446,0.317
2010-09-01,0.265,1.106,0.611,1.156,0.339,0.705,0.985,-0.067,0.845,1.14
2010-10-01,0.835,0.403,0.527,0.413,0.865,0.754,1.049,0.12,0.391,0.21
2010-11-01,0.567,0.821,0.283,0.525,0.54,0.929,0.875,0.937,0.714,0.239
2010-12-01,0.24,1.135,0.141,1.619,0.277,0.944,0.886,0.865,1.263,1.007
2011-01-01,0.36,0.362,0.17,-0.68,0.348,0.719,0.556,-0.65,0.248,-1.53
2011-02-01,0.027,0.485,0.318,0.705,0.471,1.059,0.667,0.52,0.85,0.222
2011-03-01,-0.143,-1.019,0.144,-2.301,0.061,-0.174,0.266,0.395,-1.698,-2.291
2011-04-01,-0.238,-0.741,0.124,-0.794,0.096,-0.226,-0.053,0.23,-0.755,-0.73
2011-05-01,-0.048,0.333,0.278,-0.39,0.416,0.011,0.34,0.62,-0.092,-0.099
2011-06-01,0.676,0.284,0.125,0.54,0.659,0.586,0.514,1.46,0.344,0.74
2011-07-01,0.921,0.529,0.518,0.496,0.901,0.824,0.641,0.897,0.419,0.928
2011-08-01,0.537,0.404,0.449,0.38,0.799,0.432,0.739,0.91,0.358,0.681
2011-09-01,0.749,0.219,0.389,0.365,0.894,0.731,0.899,1.763,0.394,0.554
2011-10-01,0.714,0.637,0.385,0.258,0.631,0.634,0.824,0.18,0.407,0.486
2011-11-01,0.697,1.615,0.413,1.038,0.653,0.326,1.181,1.037,1.222,1.565
2011-12-01,0.749,0.809,0.455,-0.075,0.581,1.052,0.952,0.845,0.47,-0.319
2012-01-01,0.803,1.857,0.45,1.283,0.851,0.867,1.315,1.18,1.591,0.267
2012-02-01,0.725,1.195,0.299,1.247,0.8,1.127,1.173,0.78,1.409,0.362
2012-03-01,0.144,0.931,0.217,0.391,0.512,0.926,1.038,2.695,0.696,0.579
2012-04-01,-0.021,0.349,0.325,0.711,0.352,0.415,0.884,0.83,0.386,1.268
2012-05-01,0.262,0.033,0.422,0.582,0.597,1.123,0.68,0.49,0.316,1.237
2012-06-01,0.758,0.764,0.256,0.847,0.93,0.742,0.8,1.66,0.644,1.322
2012-07-01,0.585,0.342,0.365,0.313,0.595,0.5,0.517,0.877,0.401,0.359
2012-08-01,0.861,0.969,0.405,0.73,0.935,0.874,0.935,1.71,0.721,0.893
2012-09-01,0.823,0.152,0.547,0.732,0.753,0.621,0.533,1.293,0.62,0.088
2012-10-01,0.629,0.941,0.681,1.386,0.61,0.849,0.633,1.08,1.146,1.079
2012-11-01,0.83,1.944,0.622,3.156,0.855,1.571,1.112,1.237,2.491,2.031
2012-12-01,1.249,2.383,0.545,2.765,0.815,1.199,1.373,0.465,2.651,1.663
2013-01-01,0.923,1.407,0.667,1.239,0.953,0.807,0.873,1.55,1.509,0.635
2013-02-01,0.704,1.767,0.373,2.838,0.597,2.254,1.241,0.43,2.083,2.321
2013-03-01,0.92,1.304,0.985,1.473,1.219,1.323,1.307,1.595,1.152,2.034
2013-04-01,0.433,0.7,0.554,1.126,0.783,1.099,1.297,1.23,0.971,0.917
2013-05-01,0.716,1.096,1.016,0.77,0.971,0.403,1.141,1.55,1.091,0.941
2013-06-01,1.338,0.658,1.301,0.619,1.37,1.004,1.001,1.6,0.624,0.655
2013-07-01,0.677,0.235,0.701,0.096,0.844,0.705,0.677,0.597,0.326,0.166
2013-08-01,0.641,0.525,0.721,0.558,0.792,0.663,0.732,0.46,0.596,0.428
2013-09-01,0.398,0.252,0.815,0.299,0.714,0.534,1.024,0.493,0.442,0.155
2013-10-01,0.519,0.468,0.942,0.154,0.692,0.161,0.715,1.06,0.36,0.078
2013-11-01,0.825,1.191,0.66,1.51,0.769,1.212,0.911,0.967,1.498,1.141
2013-12-01,1.251,-0.545,0.776,-1.643,0.867,-0.25,1.224,1.075,-0.88,-1.408
2014-01-01,-0.056,-0.712,0.511,-0.723,0.14,0.478,-0.096,0.4,-0.545,-0.274
2014-02-01,0.376,-0.09,0.743,0.646,0.636,0.885,0.546,1.251,0.575,-0.192
2014-03-01,0.649,0.889,1.067,1.231,0.984,1.023,0.779,1.31,1.177,0.357
2014-04-01,0.712,0.587,0.926,0.916,1.055,1.346,0.976,1.74,0.763,1.151
2014-05-01,0.617,1.207,1.061,1.357,1.039,1.141,1.625,0.696,1.255,1.333
2014-06-01,1.258,0.794,0.851,1.138,1.516,1.339,1.291,1.86,1.063,1.09
2014-07-01,1.039,0.456,0.935,0.448,1.39,0.98,0.939,2.197,0.789,0.43
2014-08-01,0.185,0.74,0.381,0.678,0.513,0.486,0.928,0.51,0.615,0.591
2014-09-01,0.823,0.719,0.341,0.996,0.853,0.616,0.661,1.673,0.8,1.072
2014-10-01,0.771,0.763,0.74,1.049,0.85,0.644,0.833,1.88,0.857,0.857
2014-11-01,0.916,1.784,0.778,2.162,0.848,1.33,1.149,1.337,1.833,1.61
2014-12-01,0.904,1.139,0.697,0.469,0.801,1.272,0.994,0.665,1.229,-0.176
2015-01-01,0.39,0.339,0.472,0.162,0.571,1.093,0.538,1.25,0.305,0.357
2015-02-01,0.504,0.333,0.29,1.015,0.642,0.776,0.57,0.55,0.691,0.939
2015-03-01,0.537,1.1,0.544,1.618,0.959,1.629,0.756,1.257,1.263,1.402
2015-04-01,0.888,0.655,0.412,0.517,1.027,0.113,0.954,1.185865133395807,0.544,0.834
2015-05-01,0.612,1.16,0.623,2.031,0.945,1.465,1.282,1.002,1.647,2.174
2015-06-01,1.186,1.093,0.915,1.779,1.294,1.508,1.447,1.66,1.65,1.526
2015-07-01,1.545,0.849,1.076,0.65,1.538,0.982,1.146,2.697,1.13,0.626
2015-08-01,0.821,1.112,0.791,1.158,1.059,1.095,1.291,1.71,1.173,1.127
2015-09-01,1.179,1.119,0.972,1.571,1.243,1.477,1.369,2.463,1.131,1.312
2015-10-01,1.452,1.176,0.981,1.16,1.334,0.87,1.264,2.53,1.053,1.359
2015-11-01,1.167,2.394,1.288,3.27,1.141,1.642,1.647,2.237,2.611,2.687
2015-12-01,1.656,2.319,1.542,2.096,1.484,1.583,1.608,1.995,2.491,1.33
2016-01-01,2.043,2.154,1.643,1.277,2.023,0.762,1.859,1.88,1.72,1.468
2016-02-01,1.785,0.094,1.357,-0.929,1.656,1.632,1.408,1.465,0.097,-0.633
2016-03-01,1.645,1.245,1.683,0.806,1.743,2.096,1.583,1.945,1.597,0.14
2016-04-01,1.72,2.053,1.43,2.838,1.925,2.233,2.027,2.36,2.757,1.693
2016-05-01,1.308,1.371,1.557,1.365,1.463,1.398,1.78,1.515,1.983,1.11
2016-06-01,0.87,0.91,1.27,1.194,1.049,0.998,1.487,1.44,0.875,1.372
2016-07-01,1.182,0.82,1.443,0.79,1.397,0.616,1.46,2.177,0.726,1.045
2016-08-01,1.403,1.369,1.459,1.132,1.617,1.485,1.667,1.49,1.149,1.359
2016-09-01,0.751,0.805,1.315,1.01,1.078,1.246,1.41,1.693,0.859,1.216
2016-10-01,1.07,1.023,0.967,1.965,1.237,1.722,1.245,1.66,1.415,1.84
2016-11-01,1.156,1.813,0.961,2.126,1.141,1.503,1.227,1.767,1.872,1.724
2016-12-01,1.349,1.699,1.126,1.855,1.201,1.781,1.685,1.945,1.709,1.741
2017-01-01,1.54,2.227,1.031,2.416,1.252,2.19,1.309,1.43,1.944,2.389
2017-02-01,0.725,0.749,0.759,0.949,0.905,1.795,0.872,1.095,0.786,1.23
2017-03-01,0.399,0.735,0.837,0.905,0.733,1.101,0.874,0.564,1.0,0.764
2017-04-01,0.687,0.498,0.731,0.347,0.801,0.338,0.863,1.26,0.438,0.652
2017-05-01,0.648,0.452,0.978,0.236,0.957,0.547,1.232,0.484,0.48,0.299
2017-06-01,0.852,0.711,0.836,1.115,0.981,1.301,1.209,1.34,0.854,1.297
2017-07-01,1.297,0.086,1.006,0.001,1.078,0.882,0.828,0.797,0.23,0.291
2017-08-01,0.92,1.077,0.949,1.11,0.999,1.349,1.527,0.79,1.092,0.941
2017-09-01,0.916,1.49,0.968,1.652,0.91,1.527,1.383,1.543,1.297,1.773
2017-10-01,0.826,1.02,1.067,1.009,1.222,1.612,1.116,1.13,1.161,0.858
2017-11-01,1.141,1.18,0.896,1.456,1.221,1.689,1.593,1.517,1.543,0.998
2017-12-01,0.936,0.874,0.617,0.522,1.102,1.737,1.307,1.635,0.931,0.118
2018-01-01,0.955,1.465,0.868,1.556,0.843,1.428,1.405,0.38,1.758,0.938
2018-02-01,0.528,-0.259,0.71,-0.061,0.696,1.422,1.41,0.907,0.403,-0.414
2018-03-01,0.734,0.278,0.863,1.034,0.929,1.658,1.113,0.175,0.659,1.023
2018-04-01,0.876,0.013,0.66,-0.381,0.959,1.049,1.057,1.04,-0.2,0.205
2018-05-01,0.268,0.539,0.784,0.372,0.675,0.495,1.345,0.45,0.227,1.028
2018-06-01,1.041,0.459,0.842,0.621,1.112,0.663,1.112,1.13,0.598,0.876
2018-07-01,1.398,0.476,0.976,0.265,1.379,0.996,1.21,1.067,0.489,0.646
2018-08-01,1.16,0.307,0.996,0.517,1.293,0.9,1.287,1.0,0.497,0.825
2018-09-01,0.689,0.696,0.834,1.29,0.887,1.183,1.07,0.943,1.007,1.078
2018-10-01,0.999,1.243,0.919,1.481,1.128,0.556,1.219,1.71,1.383,1.08
2018-11-01,1.253,1.773,1.081,2.237,1.317,0.955,1.366,1.467,2.004,1.955
2018-12-01,1.296,2.212,1.252,2.895,1.359,2.009,1.529,1.315,2.728,1.478
2019-01-01,1.462,1.913,1.112,2.179,1.509,1.605,1.186,1.58,2.153,1.582
2019-02-01,1.08,2.153,1.089,3.262,1.242,1.862,0.825,1.81,2.315,3.195
2019-03-01,0.945,1.353,1.089,1.892,1.179,0.869,1.04,1.975,1.61,1.826
2019-04-01,1.276,1.479,1.078,2.739,1.429,1.915,1.411,1.71,2.137,2.537
2019-05-01,1.139,0.988,1.111,1.923,1.428,2.309,1.458,0.8,1.688,1.329
2019-06-01,1.322,1.255,0.84,2.478,1.197,1.865,1.95,1.44,1.607,2.145
2019-07-01,1.169,0.894,0.822,1.379,1.266,1.235,1.105,2.077,1.358,1.437
2019-08-01,1.428,0.724,0.921,1.036,1.498,1.45,1.319,1.74,0.777,1.37
2019-09-01,1.411,0.64,0.786,0.927,1.333,0.915,1.215,1.743,0.83,0.935
2019-10-01,0.903,1.366,0.929,1.732,1.02,1.621,1.294,1.71,1.634,1.454
2019-11-01,1.219,1.468,1.285,1.717,1.357,2.155,1.483,1.617,1.725,1.519
2019-12-01,1.205,1.524,1.447,1.35,1.146,1.136,1.561,1.195,1.251,1.082
2020-01-01,1.572,2.433,1.415,2.926,1.462,2.02,1.708,1.37,2.775,2.704
2020-02-01,1.474,1.093,1.407,1.84,1.371,1.355,1.223,1.666,1.584,1.837
2020-03-01,1.279,1.786,1.274,2.23,1.486,1.959,1.597,1.763,1.918,2.205
2020-04-01,1.196,0.672,1.095,0.181,1.44,1.411,1.433,1.81,1.108,-0.29
2020-05-01,1.127,1.742,1.21,2.362,1.445,1.247,1.713,0.803,2.205,1.824
2020-06-01,1.072,1.194,1.044,1.833,1.097,1.593,1.52,1.19,1.298,1.851
2020-07-01,1.212,1.251,1.11,1.756,1.125,1.745,1.577,1.627,1.583,1.49
2020-08-01,1.294,1.19,1.25,0.881,1.274,1.341,1.377,1.49,1.009,1.159
2020-09-01,1.059,1.119,1.098,1.766,1.027,1.69,1.637,0.993,1.285,1.647
2020-10-01,1.115,0.061,0.943,-0.099,1.305,1.403,0.801,1.46,0.077,0.024
2020-11-01,1.059,1.234,1.008,1.528,1.198,1.661,1.492,1.517,1.611,1.486
2020-12-01,1.199,1.317,0.935,0.817,1.178,1.638,1.665,1.745,1.243,0.401
2021-01-01,1.012,0.194,0.827,-0.208,0.843,2.003,1.036,0.98,0.435,-0.192
2021-02-01,0.439,0.242,0.872,1.061,0.867,1.742,1.206,1.491,0.913,1.389
2021-03-01,0.642,1.407,0.863,1.901,1.105,2.32,1.47,1.417,1.604,1.804
2021-04-01,0.572,0.509,0.74,0.554,0.91,0.895,0.729,1.76,-0.104,1.098
2021-05-01,0.681,0.762,0.994,1.528,0.832,1.154,1.454,1.086,1.196,1.377
2021-06-01,1.041,0.947,1.091,1.309,1.098,1.425,1.234,1.99,1.226,1.251
2021-07-01,1.377,0.805,1.289,1.043,1.45,1.322,1.519,1.727,1.041,1.069
2021-08-01,1.007,1.115,1.266,1.744,1.165,1.224,1.455,0.99,1.36,1.689
2021-09-01,0.942,0.248,1.037,0.921,1.046,1.147,1.274,1.293,0.685,0.984
2021-10-01,1.437,0.595,1.203,0.697,1.616,1.828,1.266,1.86,0.931,0.48
2021-11-01,1.311,1.292,0.787,1.571,1.158,1.943,1.696,1.767,1.617,0.954
2021-12-01,1.578,0.953,1.041,0.542,1.145,1.693,1.172,1.745,0.977,0.533
2022-01-01,1.307,1.88,0.996,2.297,1.304,1.785,1.192,1.48,2.104,2.002
2022-02-01,0.91,1.186,0.871,-0.002,1.163,0.335,1.63,1.144,0.669,-0.387
2022-03-01,0.689,1.084,0.933,1.647,1.138,2.424,1.706,1.352,1.34,1.867
2022-04-01,0.838,-0.078,0.908,-0.622,0.896,0.717,0.73,1.56,-0.051,-0.083
2022-05-01,0.987,0.294,1.132,-0.402,1.036,0.037,0.947,1.378,-0.278,0.385
2022-06-01,1.04,1.572,0.952,1.364,0.827,0.998,1.233,0.84,1.267,1.193
2022-07-01,1.347,0.516,1.091,1.205,1.333,1.875,1.4,1.627,1.184,0.903
2022-08-01,1.132,0.655,1.079,0.912,0.976,1.744,1.08,1.29,0.948,0.894
2022-09-01,0.64,0.664,1.068,0.817,0.729,1.328,1.552,1.093,0.765,0.961
2022-10-01,1.178,0.429,0.645,0.377,0.773,1.202,1.371,1.26,0.426,0.513
2022-11-01,0.935,1.481,0.771,2.704,0.846,1.743,1.695,1.367,1.889,2.56
2022-12-01,0.784,0.76,0.701,0.908,0.475,2.34,1.184,1.195,1.158,-0.042
2023-01-01,1.276,0.607,0.721,0.437,1.067,1.572,1.098,1.238678550940334,0.668,0.622
2023-02-01,0.88,1.246,0.738,1.781,0.773,2.001,1.369,0.989,1.247,1.888
2023-03-01,0.518,0.749,0.875,1.111,0.614,1.402,1.152,0.35,0.908,1.014
2023-04-01,1.026,1.644,1.038,2.441,1.178,1.888,1.32,1.46,2.094,1.746
2023-05-01,1.141,1.694,1.114,1.993,1.387,1.583,1.551,1.408,2.051,1.542
2023-06-01,1.327,1.349,1.194,1.436,1.32,1.658,1.476,2.29,1.587,1.409
2023-07-01,1.143,1.22,1.317,1.534,1.312,1.89,1.587,1.877,1.668,1.415
2023-08-01,1.371,1.858,1.251,1.159,1.359,1.433,1.976,2.74,1.555,1.521
2023-09-01,1.131,0.925,1.066,1.192,1.247,1.596,1.668,2.743,1.034,1.365
2023-10-01,1.652,1.203,1.45,1.714,1.561,1.303,1.781,2.91,1.5,1.609
2023-11-01,1.489,1.811,1.546,2.145,1.321,2.014,1.937,2.467,1.898,1.909
2023-12-01,2.12,2.482,1.664,2.56,1.599,2.918,2.287,1.695,2.701,1.821
