Country,Date,Year,Month,Original_Value,Imputed_Value,Imputation_Method,In_Final_Test_Period
Singapore,1961-01-01,1961,1,,-0.38797470943109696,slr_malaysia (y = -0.1701 + 1.3203 * Malaysia),False
Singapore,1961-02-01,1961,2,,-0.005077432233276363,slr_malaysia (y = -0.1701 + 1.3203 * Malaysia),False
Singapore,1961-03-01,1961,3,,0.045095314434024286,slr_malaysia (y = -0.1701 + 1.3203 * Malaysia),False
Singapore,1961-04-01,1961,4,,-0.23877680486780822,slr_malaysia (y = -0.1701 + 1.3203 * Malaysia),False
Singapore,1961-05-01,1961,5,,-0.03808581819860571,slr_malaysia (y = -0.1701 + 1.3203 * Malaysia),False
Singapore,1961-06-01,1961,6,,-0.4936015445201509,slr_malaysia (y = -0.1701 + 1.3203 * Malaysia),False
Singapore,1961-07-01,1961,7,,-0.22293277960445015,slr_malaysia (y = -0.1701 + 1.3203 * Malaysia),False
Singapore,1961-08-01,1961,8,,-0.38401370311525745,slr_malaysia (y = -0.1701 + 1.3203 * Malaysia),False
Singapore,1961-09-01,1961,9,,-0.5833843543458468,slr_malaysia (y = -0.1701 + 1.3203 * Malaysia),False
Singapore,1961-10-01,1961,10,,-0.6797688413646086,slr_malaysia (y = -0.1701 + 1.3203 * Malaysia),False
Singapore,1961-11-01,1961,11,,-0.14635332416488603,slr_malaysia (y = -0.1701 + 1.3203 * Malaysia),False
Singapore,1961-12-01,1961,12,,-0.1846430518846681,slr_malaysia (y = -0.1701 + 1.3203 * Malaysia),False
Singapore,1962-01-01,1962,1,,-0.36816967785189936,slr_malaysia (y = -0.1701 + 1.3203 * Malaysia),False
Singapore,1962-02-01,1962,2,,-0.6916518603121271,slr_malaysia (y = -0.1701 + 1.3203 * Malaysia),False
Singapore,1962-03-01,1962,3,,-0.5899860315389127,slr_malaysia (y = -0.1701 + 1.3203 * Malaysia),False
Singapore,1962-04-01,1962,4,,-0.3892950448697101,slr_malaysia (y = -0.1701 + 1.3203 * Malaysia),False
Singapore,1962-05-01,1962,5,,-0.02092145749663446,slr_malaysia (y = -0.1701 + 1.3203 * Malaysia),False
Singapore,1962-06-01,1962,6,,-0.3602476652202203,slr_malaysia (y = -0.1701 + 1.3203 * Malaysia),False
Singapore,1962-07-01,1962,7,,0.0332122954865057,slr_malaysia (y = -0.1701 + 1.3203 * Malaysia),False
Singapore,1962-08-01,1962,8,,-0.5411336203102253,slr_malaysia (y = -0.1701 + 1.3203 * Malaysia),False
Singapore,1962-09-01,1962,9,,-0.28366820978065616,slr_malaysia (y = -0.1701 + 1.3203 * Malaysia),False
Singapore,1962-10-01,1962,10,,-0.09486024205897223,slr_malaysia (y = -0.1701 + 1.3203 * Malaysia),False
Singapore,1962-11-01,1962,11,,-0.22161244416583697,slr_malaysia (y = -0.1701 + 1.3203 * Malaysia),False
Singapore,1962-12-01,1962,12,,-0.4157017536419736,slr_malaysia (y = -0.1701 + 1.3203 * Malaysia),False
Singapore,1963-01-01,1963,1,,-1.302967168390027,slr_malaysia (y = -0.1701 + 1.3203 * Malaysia),False
Singapore,1963-02-01,1963,2,,-1.115479536106956,slr_malaysia (y = -0.1701 + 1.3203 * Malaysia),False
Singapore,1963-03-01,1963,3,,-0.6375181073289868,slr_malaysia (y = -0.1701 + 1.3203 * Malaysia),False
Singapore,1963-04-01,1963,4,,-0.27970720346481664,slr_malaysia (y = -0.1701 + 1.3203 * Malaysia),False
Singapore,1963-05-01,1963,5,,-0.2546208301311663,slr_malaysia (y = -0.1701 + 1.3203 * Malaysia),False
Singapore,1963-06-01,1963,6,,0.2563489846121322,slr_malaysia (y = -0.1701 + 1.3203 * Malaysia),False
Singapore,1963-07-01,1963,7,,0.03585296636373206,slr_malaysia (y = -0.1701 + 1.3203 * Malaysia),False
Singapore,1963-08-01,1963,8,,-0.274425861710364,slr_malaysia (y = -0.1701 + 1.3203 * Malaysia),False
Singapore,1963-09-01,1963,9,,0.08866638390825904,slr_malaysia (y = -0.1701 + 1.3203 * Malaysia),False
Singapore,1963-10-01,1963,10,,-0.10542292556787762,slr_malaysia (y = -0.1701 + 1.3203 * Malaysia),False
Singapore,1963-11-01,1963,11,,0.13751879513694648,slr_malaysia (y = -0.1701 + 1.3203 * Malaysia),False
Singapore,1963-12-01,1963,12,,-0.03940615363721889,slr_malaysia (y = -0.1701 + 1.3203 * Malaysia),False
Singapore,1964-01-01,1964,1,,0.9059540204098139,slr_malaysia (y = -0.1701 + 1.3203 * Malaysia),False
Singapore,1964-02-01,1964,2,,0.391023199350676,slr_malaysia (y = -0.1701 + 1.3203 * Malaysia),False
Singapore,1964-03-01,1964,3,,-0.1846430518846681,slr_malaysia (y = -0.1701 + 1.3203 * Malaysia),False
Singapore,1964-04-01,1964,4,,-0.09486024205897223,slr_malaysia (y = -0.1701 + 1.3203 * Malaysia),False
Singapore,1964-05-01,1964,5,,-0.07241453960254826,slr_malaysia (y = -0.1701 + 1.3203 * Malaysia),False
Singapore,1964-06-01,1964,6,,-0.38797470943109696,slr_malaysia (y = -0.1701 + 1.3203 * Malaysia),False
Singapore,1964-07-01,1964,7,,-0.6097910631181103,slr_malaysia (y = -0.1701 + 1.3203 * Malaysia),False
Singapore,1964-08-01,1964,8,,-0.2783868680262035,slr_malaysia (y = -0.1701 + 1.3203 * Malaysia),False
Singapore,1964-09-01,1964,9,,-0.2044480834638657,slr_malaysia (y = -0.1701 + 1.3203 * Malaysia),False
Singapore,1964-10-01,1964,10,,-0.37081034872912566,slr_malaysia (y = -0.1701 + 1.3203 * Malaysia),False
Singapore,1964-11-01,1964,11,,-0.5503759683805174,slr_malaysia (y = -0.1701 + 1.3203 * Malaysia),False
Singapore,1964-12-01,1964,12,,-0.8738581508407453,slr_malaysia (y = -0.1701 + 1.3203 * Malaysia),False
Singapore,1965-01-01,1965,1,,-1.240911402775208,slr_malaysia (y = -0.1701 + 1.3203 * Malaysia),False
Singapore,1965-02-01,1965,2,,-0.4183424245192,slr_malaysia (y = -0.1701 + 1.3203 * Malaysia),False
Singapore,1965-03-01,1965,3,,-0.6229944175042421,slr_malaysia (y = -0.1701 + 1.3203 * Malaysia),False
Singapore,1965-04-01,1965,4,,-0.6705264932943164,slr_malaysia (y = -0.1701 + 1.3203 * Malaysia),False
Singapore,1965-05-01,1965,5,,-0.5081252343448959,slr_malaysia (y = -0.1701 + 1.3203 * Malaysia),False
Singapore,1965-06-01,1965,6,,-0.1846430518846681,slr_malaysia (y = -0.1701 + 1.3203 * Malaysia),False
Singapore,1965-07-01,1965,7,,-0.2704648553945244,slr_malaysia (y = -0.1701 + 1.3203 * Malaysia),False
Singapore,1965-08-01,1965,8,,-0.5728216708369414,slr_malaysia (y = -0.1701 + 1.3203 * Malaysia),False
Singapore,1965-09-01,1965,9,,-0.2585818364470059,slr_malaysia (y = -0.1701 + 1.3203 * Malaysia),False
Singapore,1965-10-01,1965,10,,-0.09353990662035905,slr_malaysia (y = -0.1701 + 1.3203 * Malaysia),False
Singapore,1965-11-01,1965,11,,0.1903322126814735,slr_malaysia (y = -0.1701 + 1.3203 * Malaysia),False
Singapore,1965-12-01,1965,12,,0.07942403583796681,slr_malaysia (y = -0.1701 + 1.3203 * Malaysia),False
Singapore,1966-01-01,1966,1,,0.38574185759622326,slr_malaysia (y = -0.1701 + 1.3203 * Malaysia),False
Singapore,1966-02-01,1966,2,,0.3540538070695072,slr_malaysia (y = -0.1701 + 1.3203 * Malaysia),False
Singapore,1966-03-01,1966,3,,0.25502864917351903,slr_malaysia (y = -0.1701 + 1.3203 * Malaysia),False
Singapore,1966-04-01,1966,4,,0.19825422531315257,slr_malaysia (y = -0.1701 + 1.3203 * Malaysia),False
Singapore,1966-05-01,1966,5,,0.15072214952307822,slr_malaysia (y = -0.1701 + 1.3203 * Malaysia),False
Singapore,1966-06-01,1966,6,,-0.4685151711865006,slr_malaysia (y = -0.1701 + 1.3203 * Malaysia),False
Singapore,1966-07-01,1966,7,,-0.2876292160964957,slr_malaysia (y = -0.1701 + 1.3203 * Malaysia),False
Singapore,1966-08-01,1966,8,,-0.25330049469255317,slr_malaysia (y = -0.1701 + 1.3203 * Malaysia),False
Singapore,1966-09-01,1966,9,,0.08866638390825904,slr_malaysia (y = -0.1701 + 1.3203 * Malaysia),False
Singapore,1966-10-01,1966,10,,-0.2770665325875903,slr_malaysia (y = -0.1701 + 1.3203 * Malaysia),False
Singapore,1966-11-01,1966,11,,0.0041649158370158645,slr_malaysia (y = -0.1701 + 1.3203 * Malaysia),False
Singapore,1966-12-01,1966,12,,0.13223745338249382,slr_malaysia (y = -0.1701 + 1.3203 * Malaysia),False
Singapore,1967-01-01,1967,1,,-0.3496849817113149,slr_malaysia (y = -0.1701 + 1.3203 * Malaysia),False
Singapore,1967-02-01,1967,2,,-0.5252895950468671,slr_malaysia (y = -0.1701 + 1.3203 * Malaysia),False
Singapore,1967-03-01,1967,3,,-0.5767826771527809,slr_malaysia (y = -0.1701 + 1.3203 * Malaysia),False
Singapore,1967-04-01,1967,4,,-0.5213285887310276,slr_malaysia (y = -0.1701 + 1.3203 * Malaysia),False
Singapore,1967-05-01,1967,5,,-0.3391222982024095,slr_malaysia (y = -0.1701 + 1.3203 * Malaysia),False
Singapore,1967-06-01,1967,6,,-0.2625428427628454,slr_malaysia (y = -0.1701 + 1.3203 * Malaysia),False
Singapore,1967-07-01,1967,7,,-0.13975164697182016,slr_malaysia (y = -0.1701 + 1.3203 * Malaysia),False
Singapore,1967-08-01,1967,8,,-0.09882124837481175,slr_malaysia (y = -0.1701 + 1.3203 * Malaysia),False
Singapore,1967-09-01,1967,9,,-0.35892732978160713,slr_malaysia (y = -0.1701 + 1.3203 * Malaysia),False
Singapore,1967-10-01,1967,10,,-0.48171852557263234,slr_malaysia (y = -0.1701 + 1.3203 * Malaysia),False
Singapore,1967-11-01,1967,11,,-0.46191349399343473,slr_malaysia (y = -0.1701 + 1.3203 * Malaysia),False
Singapore,1967-12-01,1967,12,,-0.5054845634676695,slr_malaysia (y = -0.1701 + 1.3203 * Malaysia),False
Singapore,1968-01-01,1968,1,,-0.6124317339953367,slr_malaysia (y = -0.1701 + 1.3203 * Malaysia),False
Singapore,1968-02-01,1968,2,,-0.6612841452240241,slr_malaysia (y = -0.1701 + 1.3203 * Malaysia),False
Singapore,1968-03-01,1968,3,,-0.15955667855101777,slr_malaysia (y = -0.1701 + 1.3203 * Malaysia),False
Singapore,1968-04-01,1968,4,,-0.39985772837861555,slr_malaysia (y = -0.1701 + 1.3203 * Malaysia),False
Singapore,1968-05-01,1968,5,,-0.46323382943204794,slr_malaysia (y = -0.1701 + 1.3203 * Malaysia),False
Singapore,1968-06-01,1968,6,,-0.15955667855101777,slr_malaysia (y = -0.1701 + 1.3203 * Malaysia),False
Singapore,1968-07-01,1968,7,,-0.12918896346291475,slr_malaysia (y = -0.1701 + 1.3203 * Malaysia),False
Singapore,1968-08-01,1968,8,,0.09394772566271176,slr_malaysia (y = -0.1701 + 1.3203 * Malaysia),False
Singapore,1968-09-01,1968,9,,0.013407263907308092,slr_malaysia (y = -0.1701 + 1.3203 * Malaysia),False
Singapore,1968-10-01,1968,10,,-0.29687156416678795,slr_malaysia (y = -0.1701 + 1.3203 * Malaysia),False
Singapore,1968-11-01,1968,11,,-0.051289172584737475,slr_malaysia (y = -0.1701 + 1.3203 * Malaysia),False
Singapore,1968-12-01,1968,12,,-0.0011164259174368252,slr_malaysia (y = -0.1701 + 1.3203 * Malaysia),False
Singapore,1969-01-01,1969,1,,0.5613464709317756,slr_malaysia (y = -0.1701 + 1.3203 * Malaysia),False
Singapore,1969-02-01,1969,2,,0.29727938320914055,slr_malaysia (y = -0.1701 + 1.3203 * Malaysia),False
Singapore,1969-03-01,1969,3,,0.3619758197011862,slr_malaysia (y = -0.1701 + 1.3203 * Malaysia),False
Singapore,1969-04-01,1969,4,,0.5032517116327958,slr_malaysia (y = -0.1701 + 1.3203 * Malaysia),False
Singapore,1969-05-01,1969,5,,0.5164550660189275,slr_malaysia (y = -0.1701 + 1.3203 * Malaysia),False
Singapore,1969-06-01,1969,6,,0.23258294671709506,slr_malaysia (y = -0.1701 + 1.3203 * Malaysia),False
Singapore,1969-07-01,1969,7,,-0.0024367613560500045,slr_malaysia (y = -0.1701 + 1.3203 * Malaysia),False
Singapore,1969-08-01,1969,8,,-0.37213068416773887,slr_malaysia (y = -0.1701 + 1.3203 * Malaysia),False
Singapore,1969-09-01,1969,9,,0.23654395303293457,slr_malaysia (y = -0.1701 + 1.3203 * Malaysia),False
Singapore,1969-10-01,1969,10,,-0.015640115742181743,slr_malaysia (y = -0.1701 + 1.3203 * Malaysia),False
Singapore,1969-11-01,1969,11,,-0.3298799501321173,slr_malaysia (y = -0.1701 + 1.3203 * Malaysia),False
Singapore,1969-12-01,1969,12,,-0.22689378592028966,slr_malaysia (y = -0.1701 + 1.3203 * Malaysia),False
Singapore,1970-01-01,1970,1,,0.29859971864775375,slr_malaysia (y = -0.1701 + 1.3203 * Malaysia),False
Singapore,1970-02-01,1970,2,,0.111112086364683,slr_malaysia (y = -0.1701 + 1.3203 * Malaysia),False
Singapore,1970-03-01,1970,3,,0.48872802180805086,slr_malaysia (y = -0.1701 + 1.3203 * Malaysia),False
Singapore,1970-04-01,1970,4,,0.0688613523290614,slr_malaysia (y = -0.1701 + 1.3203 * Malaysia),False
Singapore,1970-05-01,1970,5,,0.10054940285577757,slr_malaysia (y = -0.1701 + 1.3203 * Malaysia),False
Singapore,1970-06-01,1970,6,,0.08074437127657996,slr_malaysia (y = -0.1701 + 1.3203 * Malaysia),False
Singapore,1970-07-01,1970,7,,-0.21237009609554475,slr_malaysia (y = -0.1701 + 1.3203 * Malaysia),False
Singapore,1970-08-01,1970,8,,-0.09221957118174588,slr_malaysia (y = -0.1701 + 1.3203 * Malaysia),False
Singapore,1970-09-01,1970,9,,-0.290269886973722,slr_malaysia (y = -0.1701 + 1.3203 * Malaysia),False
Singapore,1970-10-01,1970,10,,-0.06317219153225603,slr_malaysia (y = -0.1701 + 1.3203 * Malaysia),False
Singapore,1970-11-01,1970,11,,-0.11598560907678301,slr_malaysia (y = -0.1701 + 1.3203 * Malaysia),False
Singapore,1970-12-01,1970,12,,-0.06185185609364287,slr_malaysia (y = -0.1701 + 1.3203 * Malaysia),False
Singapore,1971-01-01,1971,1,,-0.6731671641715427,slr_malaysia (y = -0.1701 + 1.3203 * Malaysia),False
Singapore,1971-02-01,1971,2,,-0.8012397017170205,slr_malaysia (y = -0.1701 + 1.3203 * Malaysia),False
Singapore,1971-03-01,1971,3,,-0.6705264932943164,slr_malaysia (y = -0.1701 + 1.3203 * Malaysia),False
Singapore,1971-04-01,1971,4,,-0.312715589430146,slr_malaysia (y = -0.1701 + 1.3203 * Malaysia),False
Singapore,1971-05-01,1971,5,,-0.27970720346481664,slr_malaysia (y = -0.1701 + 1.3203 * Malaysia),False
Singapore,1971-06-01,1971,6,,-0.47247617750234017,slr_malaysia (y = -0.1701 + 1.3203 * Malaysia),False
Singapore,1971-07-01,1971,7,,-0.2559411655697795,slr_malaysia (y = -0.1701 + 1.3203 * Malaysia),False
Singapore,1971-08-01,1971,8,,-0.9979696820703836,slr_malaysia (y = -0.1701 + 1.3203 * Malaysia),False
Singapore,1971-09-01,1971,9,,-0.15559567223517826,slr_malaysia (y = -0.1701 + 1.3203 * Malaysia),False
Singapore,1971-10-01,1971,10,,-0.26518351364007176,slr_malaysia (y = -0.1701 + 1.3203 * Malaysia),False
Singapore,1971-11-01,1971,11,,-0.6256350883814683,slr_malaysia (y = -0.1701 + 1.3203 * Malaysia),False
Singapore,1971-12-01,1971,12,,-0.5411336203102253,slr_malaysia (y = -0.1701 + 1.3203 * Malaysia),False
Singapore,1972-01-01,1972,1,,-0.8527327838229344,slr_malaysia (y = -0.1701 + 1.3203 * Malaysia),False
Singapore,1972-02-01,1972,2,,0.05697833338154282,slr_malaysia (y = -0.1701 + 1.3203 * Malaysia),False
Singapore,1972-03-01,1972,3,,-0.6494011262765055,slr_malaysia (y = -0.1701 + 1.3203 * Malaysia),False
Singapore,1972-04-01,1972,4,,-0.4434287978528503,slr_malaysia (y = -0.1701 + 1.3203 * Malaysia),False
Singapore,1972-05-01,1972,5,,-0.06185185609364287,slr_malaysia (y = -0.1701 + 1.3203 * Malaysia),False
Singapore,1972-06-01,1972,6,,-0.10146191925203811,slr_malaysia (y = -0.1701 + 1.3203 * Malaysia),False
Singapore,1972-07-01,1972,7,,0.8716252990058716,slr_malaysia (y = -0.1701 + 1.3203 * Malaysia),False
Singapore,1972-08-01,1972,8,,0.08338504215380632,slr_malaysia (y = -0.1701 + 1.3203 * Malaysia),False
Singapore,1972-09-01,1972,9,,0.017368270223147575,slr_malaysia (y = -0.1701 + 1.3203 * Malaysia),False
Singapore,1972-10-01,1972,10,,0.20353556706760517,slr_malaysia (y = -0.1701 + 1.3203 * Malaysia),False
Singapore,1972-11-01,1972,11,,0.35537414250812027,slr_malaysia (y = -0.1701 + 1.3203 * Malaysia),False
Singapore,1972-12-01,1972,12,,0.6154802239149156,slr_malaysia (y = -0.1701 + 1.3203 * Malaysia),False
Singapore,1973-01-01,1973,1,,0.5917141860198785,slr_malaysia (y = -0.1701 + 1.3203 * Malaysia),False
Singapore,1973-02-01,1973,2,,0.8782269761989375,slr_malaysia (y = -0.1701 + 1.3203 * Malaysia),False
Singapore,1973-03-01,1973,3,,0.4002655474209682,slr_malaysia (y = -0.1701 + 1.3203 * Malaysia),False
Singapore,1973-04-01,1973,4,,0.4345942688249108,slr_malaysia (y = -0.1701 + 1.3203 * Malaysia),False
Singapore,1973-05-01,1973,5,,-0.13579064065598065,slr_malaysia (y = -0.1701 + 1.3203 * Malaysia),False
Singapore,1973-06-01,1973,6,,0.19297288355869985,slr_malaysia (y = -0.1701 + 1.3203 * Malaysia),False
Singapore,1973-07-01,1973,7,,0.21937959233096327,slr_malaysia (y = -0.1701 + 1.3203 * Malaysia),False
Singapore,1973-08-01,1973,8,,-0.10542292556787762,slr_malaysia (y = -0.1701 + 1.3203 * Malaysia),False
Singapore,1973-09-01,1973,9,,-0.43154577890533175,slr_malaysia (y = -0.1701 + 1.3203 * Malaysia),False
Singapore,1973-10-01,1973,10,,0.013407263907308092,slr_malaysia (y = -0.1701 + 1.3203 * Malaysia),False
Singapore,1973-11-01,1973,11,,-0.2665038490786849,slr_malaysia (y = -0.1701 + 1.3203 * Malaysia),False
Singapore,1973-12-01,1973,12,,-0.7154178982071642,slr_malaysia (y = -0.1701 + 1.3203 * Malaysia),False
Singapore,1974-01-01,1974,1,,-0.9676019669822805,slr_malaysia (y = -0.1701 + 1.3203 * Malaysia),False
Singapore,1974-02-01,1974,2,,-0.615072404872563,slr_malaysia (y = -0.1701 + 1.3203 * Malaysia),False
Singapore,1974-03-01,1974,3,,-0.7154178982071642,slr_malaysia (y = -0.1701 + 1.3203 * Malaysia),False
Singapore,1974-04-01,1974,4,,-0.4592728231162084,slr_malaysia (y = -0.1701 + 1.3203 * Malaysia),False
Singapore,1974-05-01,1974,5,,-0.48699986732708506,slr_malaysia (y = -0.1701 + 1.3203 * Malaysia),False
Singapore,1974-06-01,1974,6,,-0.36684934241328615,slr_malaysia (y = -0.1701 + 1.3203 * Malaysia),False
Singapore,1974-07-01,1974,7,,-0.4117407473261341,slr_malaysia (y = -0.1701 + 1.3203 * Malaysia),False
Singapore,1974-08-01,1974,8,,0.1956135544359262,slr_malaysia (y = -0.1701 + 1.3203 * Malaysia),False
Singapore,1974-09-01,1974,9,,-0.5160472469765749,slr_malaysia (y = -0.1701 + 1.3203 * Malaysia),False
Singapore,1974-10-01,1974,10,,0.010766593030081734,slr_malaysia (y = -0.1701 + 1.3203 * Malaysia),False
Singapore,1974-11-01,1974,11,,0.020008941100373934,slr_malaysia (y = -0.1701 + 1.3203 * Malaysia),False
Singapore,1974-12-01,1974,12,,-0.08429755855006683,slr_malaysia (y = -0.1701 + 1.3203 * Malaysia),False
Singapore,1975-01-01,1975,1,,0.26427099724381126,slr_malaysia (y = -0.1701 + 1.3203 * Malaysia),False
Singapore,1975-02-01,1975,2,,-0.11862627995400937,slr_malaysia (y = -0.1701 + 1.3203 * Malaysia),False
Singapore,1975-03-01,1975,3,,-0.31667659574598556,slr_malaysia (y = -0.1701 + 1.3203 * Malaysia),False
Singapore,1975-04-01,1975,4,,0.10847141548745665,slr_malaysia (y = -0.1701 + 1.3203 * Malaysia),False
Singapore,1975-05-01,1975,5,,-0.24801915293810045,slr_malaysia (y = -0.1701 + 1.3203 * Malaysia),False
Singapore,1975-06-01,1975,6,,-0.34308330451824903,slr_malaysia (y = -0.1701 + 1.3203 * Malaysia),False
Singapore,1975-07-01,1975,7,,-0.509445569783509,slr_malaysia (y = -0.1701 + 1.3203 * Malaysia),False
Singapore,1975-08-01,1975,8,,0.27483368075271664,slr_malaysia (y = -0.1701 + 1.3203 * Malaysia),False
Singapore,1975-09-01,1975,9,,-0.36816967785189936,slr_malaysia (y = -0.1701 + 1.3203 * Malaysia),False
Singapore,1975-10-01,1975,10,,0.050376656188476976,slr_malaysia (y = -0.1701 + 1.3203 * Malaysia),False
Singapore,1975-11-01,1975,11,,-0.4117407473261341,slr_malaysia (y = -0.1701 + 1.3203 * Malaysia),False
Singapore,1975-12-01,1975,12,,-0.47115584206372696,slr_malaysia (y = -0.1701 + 1.3203 * Malaysia),False
Singapore,1976-01-01,1976,1,,-1.3544602504959409,slr_malaysia (y = -0.1701 + 1.3203 * Malaysia),False
Singapore,1976-02-01,1976,2,,-0.864615802770453,slr_malaysia (y = -0.1701 + 1.3203 * Malaysia),False
Singapore,1976-03-01,1976,3,,-0.2427378111836478,slr_malaysia (y = -0.1701 + 1.3203 * Malaysia),False
Singapore,1976-04-01,1976,4,,-0.5965877087319785,slr_malaysia (y = -0.1701 + 1.3203 * Malaysia),False
Singapore,1976-05-01,1976,5,,-0.4473898041686898,slr_malaysia (y = -0.1701 + 1.3203 * Malaysia),False
Singapore,1976-06-01,1976,6,,-0.46191349399343473,slr_malaysia (y = -0.1701 + 1.3203 * Malaysia),False
Singapore,1976-07-01,1976,7,,-0.18860405820050763,slr_malaysia (y = -0.1701 + 1.3203 * Malaysia),False
Singapore,1976-08-01,1976,8,,-0.3179969311845987,slr_malaysia (y = -0.1701 + 1.3203 * Malaysia),False
Singapore,1976-09-01,1976,9,,0.194293218997313,slr_malaysia (y = -0.1701 + 1.3203 * Malaysia),False
Singapore,1976-10-01,1976,10,,-0.6361977718903737,slr_malaysia (y = -0.1701 + 1.3203 * Malaysia),False
Singapore,1976-11-01,1976,11,,-0.2876292160964957,slr_malaysia (y = -0.1701 + 1.3203 * Malaysia),False
Singapore,1976-12-01,1976,12,,-0.1793617101302154,slr_malaysia (y = -0.1701 + 1.3203 * Malaysia),False
Singapore,1977-01-01,1977,1,,-0.04732816626889795,slr_malaysia (y = -0.1701 + 1.3203 * Malaysia),False
Singapore,1977-02-01,1977,2,,-0.6612841452240241,slr_malaysia (y = -0.1701 + 1.3203 * Malaysia),False
Singapore,1977-03-01,1977,3,,-0.33648162732518316,slr_malaysia (y = -0.1701 + 1.3203 * Malaysia),False
Singapore,1977-04-01,1977,4,,0.3131234084724987,slr_malaysia (y = -0.1701 + 1.3203 * Malaysia),False
Singapore,1977-05-01,1977,5,,-0.09486024205897223,slr_malaysia (y = -0.1701 + 1.3203 * Malaysia),False
Singapore,1977-06-01,1977,6,,0.016047934784534423,slr_malaysia (y = -0.1701 + 1.3203 * Malaysia),False
Singapore,1977-07-01,1977,7,,0.062259675135995535,slr_malaysia (y = -0.1701 + 1.3203 * Malaysia),False
Singapore,1977-08-01,1977,8,,-0.10014158381342493,slr_malaysia (y = -0.1701 + 1.3203 * Malaysia),False
Singapore,1977-09-01,1977,9,,0.7858034954960151,slr_malaysia (y = -0.1701 + 1.3203 * Malaysia),False
Singapore,1977-10-01,1977,10,,-0.09221957118174588,slr_malaysia (y = -0.1701 + 1.3203 * Malaysia),False
Singapore,1977-11-01,1977,11,,-0.0803365522342273,slr_malaysia (y = -0.1701 + 1.3203 * Malaysia),False
Singapore,1977-12-01,1977,12,,0.17976952917256805,slr_malaysia (y = -0.1701 + 1.3203 * Malaysia),False
Singapore,1978-01-01,1978,1,,0.23390328215570821,slr_malaysia (y = -0.1701 + 1.3203 * Malaysia),False
Singapore,1978-02-01,1978,2,,0.44251628145658983,slr_malaysia (y = -0.1701 + 1.3203 * Malaysia),False
Singapore,1978-03-01,1978,3,,0.4979703698783431,slr_malaysia (y = -0.1701 + 1.3203 * Malaysia),False
Singapore,1978-04-01,1978,4,,0.045095314434024286,slr_malaysia (y = -0.1701 + 1.3203 * Malaysia),False
Singapore,1978-06-01,1978,6,,0.013407263907308092,slr_malaysia (y = -0.1701 + 1.3203 * Malaysia),False
Singapore,1979-04-01,1979,4,,0.2563489846121322,slr_malaysia (y = -0.1701 + 1.3203 * Malaysia),False
Singapore,1979-06-01,1979,6,,0.08998671934687219,slr_malaysia (y = -0.1701 + 1.3203 * Malaysia),False
Singapore,1980-12-01,1980,12,,-0.04204682451444525,slr_malaysia (y = -0.1701 + 1.3203 * Malaysia),False
Singapore,1981-01-01,1981,1,,-0.7774736638219835,slr_malaysia (y = -0.1701 + 1.3203 * Malaysia),False
Singapore,1981-04-01,1981,4,,-0.08429755855006683,slr_malaysia (y = -0.1701 + 1.3203 * Malaysia),False
Singapore,1981-05-01,1981,5,,-0.02092145749663446,slr_malaysia (y = -0.1701 + 1.3203 * Malaysia),False
Singapore,1981-06-01,1981,6,,0.5679481481248414,slr_malaysia (y = -0.1701 + 1.3203 * Malaysia),False
Singapore,1981-07-01,1981,7,,0.25898965548935854,slr_malaysia (y = -0.1701 + 1.3203 * Malaysia),False
Singapore,1981-08-01,1981,8,,0.7673187993554307,slr_malaysia (y = -0.1701 + 1.3203 * Malaysia),False
Singapore,1981-09-01,1981,9,,-0.17804137469160222,slr_malaysia (y = -0.1701 + 1.3203 * Malaysia),False
Singapore,1981-10-01,1981,10,,0.03189196004789252,slr_malaysia (y = -0.1701 + 1.3203 * Malaysia),False
Singapore,1981-11-01,1981,11,,-0.14635332416488603,slr_malaysia (y = -0.1701 + 1.3203 * Malaysia),False
Singapore,1981-12-01,1981,12,,-0.2308547922361292,slr_malaysia (y = -0.1701 + 1.3203 * Malaysia),False
Singapore,1982-01-01,1982,1,,-0.06317219153225603,slr_malaysia (y = -0.1701 + 1.3203 * Malaysia),False
Singapore,1982-02-01,1982,2,,0.1269561116280411,slr_malaysia (y = -0.1701 + 1.3203 * Malaysia),False
Singapore,1982-03-01,1982,3,,0.2299422758398687,slr_malaysia (y = -0.1701 + 1.3203 * Malaysia),False
Singapore,1982-04-01,1982,4,,-0.13050929890152793,slr_malaysia (y = -0.1701 + 1.3203 * Malaysia),False
Singapore,1982-05-01,1982,5,,-0.0011164259174368252,slr_malaysia (y = -0.1701 + 1.3203 * Malaysia),False
Singapore,1982-06-01,1982,6,,0.1626051684705968,slr_malaysia (y = -0.1701 + 1.3203 * Malaysia),False
Singapore,1982-07-01,1982,7,,0.11375275724190936,slr_malaysia (y = -0.1701 + 1.3203 * Malaysia),False
Singapore,1982-08-01,1982,8,,-0.016960451180794922,slr_malaysia (y = -0.1701 + 1.3203 * Malaysia),False
Singapore,1982-09-01,1982,9,,0.27615401619132984,slr_malaysia (y = -0.1701 + 1.3203 * Malaysia),False
Singapore,1982-10-01,1982,10,,-0.07769588135700095,slr_malaysia (y = -0.1701 + 1.3203 * Malaysia),False
Singapore,1982-11-01,1982,11,,0.4979703698783431,slr_malaysia (y = -0.1701 + 1.3203 * Malaysia),False
Singapore,1982-12-01,1982,12,,0.573229489879294,slr_malaysia (y = -0.1701 + 1.3203 * Malaysia),False
Singapore,1983-01-01,1983,1,,0.8254135586544104,slr_malaysia (y = -0.1701 + 1.3203 * Malaysia),False
Singapore,1983-02-01,1983,2,,1.184544797957194,slr_malaysia (y = -0.1701 + 1.3203 * Malaysia),False
Singapore,1983-03-01,1983,3,,1.5291523474352324,slr_malaysia (y = -0.1701 + 1.3203 * Malaysia),False
Singapore,1983-04-01,1983,4,,1.331102031643256,slr_malaysia (y = -0.1701 + 1.3203 * Malaysia),False
Singapore,1983-05-01,1983,5,,0.6168005593535287,slr_malaysia (y = -0.1701 + 1.3203 * Malaysia),False
Singapore,1983-06-01,1983,6,,0.5521041228614834,slr_malaysia (y = -0.1701 + 1.3203 * Malaysia),False
Singapore,1983-07-01,1983,7,,0.3712181677714783,slr_malaysia (y = -0.1701 + 1.3203 * Malaysia),False
Singapore,1983-08-01,1983,8,,0.3672571614556388,slr_malaysia (y = -0.1701 + 1.3203 * Malaysia),False
Singapore,1983-09-01,1983,9,,-0.07505521047977462,slr_malaysia (y = -0.1701 + 1.3203 * Malaysia),False
Singapore,1983-10-01,1983,10,,0.2088169088220579,slr_malaysia (y = -0.1701 + 1.3203 * Malaysia),False
Singapore,1984-01-01,1984,1,,-0.29951223504401425,slr_malaysia (y = -0.1701 + 1.3203 * Malaysia),False
Singapore,1984-02-01,1984,2,,-0.5160472469765749,slr_malaysia (y = -0.1701 + 1.3203 * Malaysia),False
Singapore,1984-04-01,1984,4,,-0.22161244416583697,slr_malaysia (y = -0.1701 + 1.3203 * Malaysia),False
Singapore,1984-05-01,1984,5,,-0.5979080441705917,slr_malaysia (y = -0.1701 + 1.3203 * Malaysia),False
Singapore,1984-06-01,1984,6,,-0.09750091293619857,slr_malaysia (y = -0.1701 + 1.3203 * Malaysia),False
Singapore,1984-07-01,1984,7,,-0.5450946266260647,slr_malaysia (y = -0.1701 + 1.3203 * Malaysia),False
Singapore,1984-08-01,1984,8,,0.2880370351388483,slr_malaysia (y = -0.1701 + 1.3203 * Malaysia),False
Singapore,1984-09-01,1984,9,,-0.5213285887310276,slr_malaysia (y = -0.1701 + 1.3203 * Malaysia),False
Singapore,1984-10-01,1984,10,,-0.14107198241043334,slr_malaysia (y = -0.1701 + 1.3203 * Malaysia),False
Singapore,1984-11-01,1984,11,,-0.051289172584737475,slr_malaysia (y = -0.1701 + 1.3203 * Malaysia),False
Singapore,1984-12-01,1984,12,,-0.07769588135700095,slr_malaysia (y = -0.1701 + 1.3203 * Malaysia),False
Singapore,1985-01-01,1985,1,,0.0688613523290614,slr_malaysia (y = -0.1701 + 1.3203 * Malaysia),False
Singapore,1985-02-01,1985,2,,0.8214525523385708,slr_malaysia (y = -0.1701 + 1.3203 * Malaysia),False
Singapore,1985-03-01,1985,3,,0.045095314434024286,slr_malaysia (y = -0.1701 + 1.3203 * Malaysia),False
Singapore,1985-04-01,1985,4,,-0.08429755855006683,slr_malaysia (y = -0.1701 + 1.3203 * Malaysia),False
Singapore,1985-06-01,1985,6,,0.3672571614556388,slr_malaysia (y = -0.1701 + 1.3203 * Malaysia),False
Singapore,1986-03-01,1986,3,,-0.2427378111836478,slr_malaysia (y = -0.1701 + 1.3203 * Malaysia),False
Singapore,1987-01-01,1987,1,,-0.030163805566926688,slr_malaysia (y = -0.1701 + 1.3203 * Malaysia),False
Singapore,1987-05-01,1987,5,,0.09526806110132491,slr_malaysia (y = -0.1701 + 1.3203 * Malaysia),False
Singapore,1987-07-01,1987,7,,0.6366055909327264,slr_malaysia (y = -0.1701 + 1.3203 * Malaysia),False
Singapore,1987-08-01,1987,8,,0.1388391305755597,slr_malaysia (y = -0.1701 + 1.3203 * Malaysia),False
Singapore,1988-01-01,1988,1,,0.9759317986563122,slr_malaysia (y = -0.1701 + 1.3203 * Malaysia),False
Singapore,1988-02-01,1988,2,,0.7026223628633852,slr_malaysia (y = -0.1701 + 1.3203 * Malaysia),False
Singapore,1989-02-01,1989,2,,-0.33516129188656996,slr_malaysia (y = -0.1701 + 1.3203 * Malaysia),False
Singapore,1989-03-01,1989,3,,-0.3404426336410227,slr_malaysia (y = -0.1701 + 1.3203 * Malaysia),False
Singapore,1989-04-01,1989,4,,-0.3549663234657676,slr_malaysia (y = -0.1701 + 1.3203 * Malaysia),False
Singapore,1989-05-01,1989,5,,-0.08957890030451954,slr_malaysia (y = -0.1701 + 1.3203 * Malaysia),False
Singapore,1989-07-01,1989,7,,0.17316785197950219,slr_malaysia (y = -0.1701 + 1.3203 * Malaysia),False
Singapore,1989-08-01,1989,8,,0.13487812425972012,slr_malaysia (y = -0.1701 + 1.3203 * Malaysia),False
Singapore,1989-09-01,1989,9,,-0.10938393188371714,slr_malaysia (y = -0.1701 + 1.3203 * Malaysia),False
Singapore,1989-10-01,1989,10,,-0.052609508023350654,slr_malaysia (y = -0.1701 + 1.3203 * Malaysia),False
Singapore,1989-11-01,1989,11,,0.10186973829439078,slr_malaysia (y = -0.1701 + 1.3203 * Malaysia),False
Singapore,1989-12-01,1989,12,,0.0741426940835141,slr_malaysia (y = -0.1701 + 1.3203 * Malaysia),False
Singapore,1990-01-01,1990,1,,0.08206470671519317,slr_malaysia (y = -0.1701 + 1.3203 * Malaysia),False
Singapore,1990-02-01,1990,2,,0.8240932232157973,slr_malaysia (y = -0.1701 + 1.3203 * Malaysia),False
Singapore,1990-03-01,1990,3,,0.398945211982355,slr_malaysia (y = -0.1701 + 1.3203 * Malaysia),False
Singapore,1990-04-01,1990,4,,0.6550902870733109,slr_malaysia (y = -0.1701 + 1.3203 * Malaysia),False
Singapore,1990-05-01,1990,5,,0.4002655474209682,slr_malaysia (y = -0.1701 + 1.3203 * Malaysia),False
Singapore,1990-06-01,1990,6,,0.6577309579505373,slr_malaysia (y = -0.1701 + 1.3203 * Malaysia),False
Singapore,1990-07-01,1990,7,,0.21805925689235012,slr_malaysia (y = -0.1701 + 1.3203 * Malaysia),False
Singapore,1990-08-01,1990,8,,0.5785108316337467,slr_malaysia (y = -0.1701 + 1.3203 * Malaysia),False
Singapore,1990-09-01,1990,9,,0.13751879513694648,slr_malaysia (y = -0.1701 + 1.3203 * Malaysia),False
Singapore,1990-10-01,1990,10,,0.4319535979476844,slr_malaysia (y = -0.1701 + 1.3203 * Malaysia),False
Singapore,1990-11-01,1990,11,,0.18108986461118126,slr_malaysia (y = -0.1701 + 1.3203 * Malaysia),False
Singapore,1990-12-01,1990,12,,0.2893573705774615,slr_malaysia (y = -0.1701 + 1.3203 * Malaysia),False
Singapore,1991-01-01,1991,1,,0.360655484262573,slr_malaysia (y = -0.1701 + 1.3203 * Malaysia),False
Singapore,1991-02-01,1991,2,,0.29331837689330104,slr_malaysia (y = -0.1701 + 1.3203 * Malaysia),False
Singapore,1991-03-01,1991,3,,0.4702433256674664,slr_malaysia (y = -0.1701 + 1.3203 * Malaysia),False
Singapore,1991-04-01,1991,4,,0.3408504526833753,slr_malaysia (y = -0.1701 + 1.3203 * Malaysia),False
Singapore,1991-05-01,1991,5,,0.03057162460927934,slr_malaysia (y = -0.1701 + 1.3203 * Malaysia),False
Singapore,1991-06-01,1991,6,,0.989135153042444,slr_malaysia (y = -0.1701 + 1.3203 * Malaysia),False
Singapore,1991-07-01,1991,7,,0.6841376667228007,slr_malaysia (y = -0.1701 + 1.3203 * Malaysia),False
Singapore,1991-08-01,1991,8,,0.4676026547902401,slr_malaysia (y = -0.1701 + 1.3203 * Malaysia),False
Singapore,1991-09-01,1991,9,,0.26030999092797175,slr_malaysia (y = -0.1701 + 1.3203 * Malaysia),False
Singapore,1991-10-01,1991,10,,-0.16483802030547048,slr_malaysia (y = -0.1701 + 1.3203 * Malaysia),False
Singapore,1991-11-01,1991,11,,-0.26914451995591127,slr_malaysia (y = -0.1701 + 1.3203 * Malaysia),False
Singapore,1991-12-01,1991,12,,-0.0961805774975854,slr_malaysia (y = -0.1701 + 1.3203 * Malaysia),False
Singapore,1992-01-01,1992,1,,0.06358001057460869,slr_malaysia (y = -0.1701 + 1.3203 * Malaysia),False
Singapore,1992-02-01,1992,2,,0.6075582112832365,slr_malaysia (y = -0.1701 + 1.3203 * Malaysia),False
Singapore,1992-03-01,1992,3,,0.8782269761989375,slr_malaysia (y = -0.1701 + 1.3203 * Malaysia),False
Singapore,1992-04-01,1992,4,,0.8769066407603242,slr_malaysia (y = -0.1701 + 1.3203 * Malaysia),False
Singapore,1992-05-01,1992,5,,0.1626051684705968,slr_malaysia (y = -0.1701 + 1.3203 * Malaysia),False
Singapore,1992-06-01,1992,6,,0.4583603067199479,slr_malaysia (y = -0.1701 + 1.3203 * Malaysia),False
Singapore,1992-07-01,1992,7,,0.07810370039935363,slr_malaysia (y = -0.1701 + 1.3203 * Malaysia),False
Singapore,1992-08-01,1992,8,,0.6748953186525085,slr_malaysia (y = -0.1701 + 1.3203 * Malaysia),False
Singapore,1992-09-01,1992,9,,0.2299422758398687,slr_malaysia (y = -0.1701 + 1.3203 * Malaysia),False
Singapore,1992-12-01,1992,12,,-0.39985772837861555,slr_malaysia (y = -0.1701 + 1.3203 * Malaysia),False
Singapore,1993-01-01,1993,1,,0.08206470671519317,slr_malaysia (y = -0.1701 + 1.3203 * Malaysia),False
Singapore,1994-06-01,1994,6,,0.17580852285672854,slr_malaysia (y = -0.1701 + 1.3203 * Malaysia),False
Singapore,1995-03-01,1995,3,,0.40950789549126043,slr_malaysia (y = -0.1701 + 1.3203 * Malaysia),False
Singapore,1996-06-01,1996,6,,0.45175862952688195,slr_malaysia (y = -0.1701 + 1.3203 * Malaysia),False
Singapore,1998-11-01,1998,11,,0.6458479390030186,slr_malaysia (y = -0.1701 + 1.3203 * Malaysia),False
Singapore,1999-01-01,1999,1,,0.5560651291773229,slr_malaysia (y = -0.1701 + 1.3203 * Malaysia),False
Singapore,1999-09-01,1999,9,,0.307842066718046,slr_malaysia (y = -0.1701 + 1.3203 * Malaysia),False
Singapore,1999-12-01,1999,12,,0.014727599345921272,slr_malaysia (y = -0.1701 + 1.3203 * Malaysia),False
Singapore,2000-01-01,2000,1,,0.20089489619037887,slr_malaysia (y = -0.1701 + 1.3203 * Malaysia),False
Singapore,2000-04-01,2000,4,,-0.20576841890247888,slr_malaysia (y = -0.1701 + 1.3203 * Malaysia),False
Singapore,2000-06-01,2000,6,,-0.20708875434109206,slr_malaysia (y = -0.1701 + 1.3203 * Malaysia),False
Singapore,2000-07-01,2000,7,,0.9798928049721517,slr_malaysia (y = -0.1701 + 1.3203 * Malaysia),False
Singapore,2000-08-01,2000,8,,0.3131234084724987,slr_malaysia (y = -0.1701 + 1.3203 * Malaysia),False
Singapore,2000-09-01,2000,9,,0.315764079349725,slr_malaysia (y = -0.1701 + 1.3203 * Malaysia),False
Singapore,2000-10-01,2000,10,,0.30256072496359326,slr_malaysia (y = -0.1701 + 1.3203 * Malaysia),False
Singapore,2000-11-01,2000,11,,0.3012403895249801,slr_malaysia (y = -0.1701 + 1.3203 * Malaysia),False
Singapore,2001-01-01,2001,1,,0.4689229902288533,slr_malaysia (y = -0.1701 + 1.3203 * Malaysia),False
Singapore,2001-06-01,2001,6,,0.20089489619037887,slr_malaysia (y = -0.1701 + 1.3203 * Malaysia),False
Singapore,2001-09-01,2001,9,,0.22202026320818963,slr_malaysia (y = -0.1701 + 1.3203 * Malaysia),False
Singapore,2001-10-01,2001,10,,0.21145757969928425,slr_malaysia (y = -0.1701 + 1.3203 * Malaysia),False
Singapore,2001-11-01,2001,11,,0.009446257591468582,slr_malaysia (y = -0.1701 + 1.3203 * Malaysia),False
Singapore,2001-12-01,2001,12,,0.33953011724476223,slr_malaysia (y = -0.1701 + 1.3203 * Malaysia),False
Singapore,2002-01-01,2002,1,,0.8557812737425133,slr_malaysia (y = -0.1701 + 1.3203 * Malaysia),False
Singapore,2002-09-01,2002,9,,0.44383661689520304,slr_malaysia (y = -0.1701 + 1.3203 * Malaysia),False
Singapore,2002-10-01,2002,10,,0.814850875145505,slr_malaysia (y = -0.1701 + 1.3203 * Malaysia),False
Singapore,2003-01-01,2003,1,,0.9244387165503983,slr_malaysia (y = -0.1701 + 1.3203 * Malaysia),False
Singapore,2003-04-01,2003,4,,0.5903938505812653,slr_malaysia (y = -0.1701 + 1.3203 * Malaysia),False
Singapore,2003-06-01,2003,6,,0.7673187993554307,slr_malaysia (y = -0.1701 + 1.3203 * Malaysia),False
Singapore,2003-07-01,2003,7,,0.44251628145658983,slr_malaysia (y = -0.1701 + 1.3203 * Malaysia),False
Singapore,2003-09-01,2003,9,,0.4742043319833059,slr_malaysia (y = -0.1701 + 1.3203 * Malaysia),False
Singapore,2003-10-01,2003,10,,0.15600349127753094,slr_malaysia (y = -0.1701 + 1.3203 * Malaysia),False
Singapore,2003-11-01,2003,11,,0.3316081046130831,slr_malaysia (y = -0.1701 + 1.3203 * Malaysia),False
Singapore,2004-01-01,2004,1,,0.7263884007584224,slr_malaysia (y = -0.1701 + 1.3203 * Malaysia),False
Singapore,2004-07-01,2004,7,,0.141479801452786,slr_malaysia (y = -0.1701 + 1.3203 * Malaysia),False
Singapore,2006-12-01,2006,12,,1.1119263488334692,slr_malaysia (y = -0.1701 + 1.3203 * Malaysia),False
Singapore,2007-06-01,2007,6,,0.41478923724571315,slr_malaysia (y = -0.1701 + 1.3203 * Malaysia),False
Singapore,2007-07-01,2007,7,,0.5613464709317756,slr_malaysia (y = -0.1701 + 1.3203 * Malaysia),False
Singapore,2007-08-01,2007,8,,0.7831628246187887,slr_malaysia (y = -0.1701 + 1.3203 * Malaysia),False
Singapore,2007-09-01,2007,9,,0.37914018040315733,slr_malaysia (y = -0.1701 + 1.3203 * Malaysia),False
Singapore,2007-10-01,2007,10,,0.48476701549221135,slr_malaysia (y = -0.1701 + 1.3203 * Malaysia),False
Singapore,2007-11-01,2007,11,,0.04113430811818475,slr_malaysia (y = -0.1701 + 1.3203 * Malaysia),False
Singapore,2007-12-01,2007,12,,0.3408504526833753,slr_malaysia (y = -0.1701 + 1.3203 * Malaysia),False
Singapore,2008-01-01,2008,1,,0.7488341032148462,slr_malaysia (y = -0.1701 + 1.3203 * Malaysia),False
Singapore,2008-04-01,2008,4,,0.09394772566271176,slr_malaysia (y = -0.1701 + 1.3203 * Malaysia),False
Singapore,2008-06-01,2008,6,,0.26295066180519805,slr_malaysia (y = -0.1701 + 1.3203 * Malaysia),False
Singapore,2008-07-01,2008,7,,0.1309171179438806,slr_malaysia (y = -0.1701 + 1.3203 * Malaysia),False
Singapore,2008-08-01,2008,8,,0.5217364077733803,slr_malaysia (y = -0.1701 + 1.3203 * Malaysia),False
Singapore,2015-04-01,2015,4,,1.185865133395807,slr_malaysia (y = -0.1701 + 1.3203 * Malaysia),True
Singapore,2023-01-01,2023,1,,1.238678550940334,slr_malaysia (y = -0.1701 + 1.3203 * Malaysia),True
